prediction_raw,actual_return,signal,overflow,pnl,cumulative_pnl
1.4157431926582918e-06,-8.999999999998592e-07,1.0,False,-8.999999999998592e-07,-8.999999999998592e-07
1.8974827058996338e-06,0.0,0.0,True,0.0,-8.999999999998592e-07
1.8974827058996338e-06,0.0,0.0,True,0.0,-8.999999999998592e-07
1.7110757467550394e-06,-9.999999999940612e-08,1.0,False,-9.999999999940612e-08,-9.999999999992654e-07
1.613210645495529e-06,-9.999999999940612e-08,1.0,False,-9.999999999940612e-08,-1.0999999999986715e-06
1.4321891623374047e-06,0.0,1.0,False,0.0,-1.0999999999986715e-06
1.1916379016084067e-06,0.0,1.0,False,0.0,-1.0999999999986715e-06
1.3284753183398998e-06,-5.000000000005e-07,1.0,False,-5.000000000005e-07,-1.5999999999991715e-06
9.880900726574129e-07,-2.0000000000054696e-07,1.0,False,-2.0000000000054696e-07,-1.7999999999997185e-06
1.2178124730695302e-06,-9.999999999940612e-08,1.0,False,-9.999999999940612e-08,-1.8999999999991246e-06
1.2745626501312582e-07,-9.999999999940612e-08,1.0,False,-9.999999999940612e-08,-1.9999999999985307e-06
3.1270505727890933e-07,0.0,1.0,False,0.0,-1.9999999999985307e-06
-2.290275002848308e-07,0.0,-1.0,False,-0.0,-1.9999999999985307e-06
-1.9028681818861038e-07,9.999999999940612e-08,-1.0,False,-9.999999999940612e-08,-2.099999999997937e-06
-5.375052484560808e-07,0.0,-1.0,False,-0.0,-2.099999999997937e-06
-4.883989727945039e-07,0.0,-1.0,False,-0.0,-2.099999999997937e-06
-3.4304902950375163e-07,0.0,-1.0,False,-0.0,-2.099999999997937e-06
-3.3575257816724375e-07,0.0,-1.0,False,-0.0,-2.099999999997937e-06
-9.595412590947274e-08,0.0,-1.0,False,-0.0,-2.099999999997937e-06
-5.6750177061728e-07,0.0,-1.0,False,-0.0,-2.099999999997937e-06
-6.272631815639159e-07,-5.000000000005e-07,-1.0,False,5.000000000005e-07,-1.5999999999974368e-06
-5.686020291521501e-07,0.0,-1.0,False,-0.0,-1.5999999999974368e-06
1.453499432907523e-07,1.4000000000003593e-06,1.0,False,1.4000000000003593e-06,-1.9999999999707752e-07
3.327992526262763e-07,9.999999999940612e-08,1.0,False,9.999999999940612e-08,-9.99999999976714e-08
-4.3315441267522994e-08,0.0,-1.0,False,-0.0,-9.99999999976714e-08
4.918734734309363e-07,-9.999999999940612e-08,1.0,False,-9.999999999940612e-08,-1.9999999999707752e-07
5.910704666010792e-07,9.999999999940612e-08,1.0,False,9.999999999940612e-08,-9.99999999976714e-08
1.9352968544928055e-07,2.0000000000054696e-07,1.0,False,2.0000000000054696e-07,1.0000000000287557e-07
1.393101030177541e-06,2.0000000000054696e-07,1.0,False,2.0000000000054696e-07,3.0000000000342253e-07
1.229509958545519e-06,5.999999999999062e-07,1.0,False,5.999999999999062e-07,9.000000000033287e-07
1.8974827058996338e-06,0.0,0.0,True,0.0,9.000000000033287e-07
1.8974827058996338e-06,0.0,0.0,True,0.0,9.000000000033287e-07
-1.8171638328541063e-07,-2.0000000000054696e-07,-1.0,False,2.0000000000054696e-07,1.1000000000038757e-06
-2.0146312856913438e-07,2.0000000000054696e-07,-1.0,False,-2.0000000000054696e-07,9.000000000033287e-07
2.263058081196255e-07,0.0,1.0,False,0.0,9.000000000033287e-07
-1.3318919106323916e-07,0.0,-1.0,False,-0.0,9.000000000033287e-07
5.901439330980306e-07,0.0,1.0,False,0.0,9.000000000033287e-07
1.066671695384724e-06,0.0,1.0,False,0.0,9.000000000033287e-07
1.4050880573732327e-06,0.0,1.0,False,0.0,9.000000000033287e-07
1.6363739830717444e-06,0.0,1.0,False,0.0,9.000000000033287e-07
1.605682560783259e-06,0.0,1.0,False,0.0,9.000000000033287e-07
1.8069719643205717e-06,-1.0000000000114084e-07,1.0,False,-1.0000000000114084e-07,8.000000000021878e-07
1.5416938407289636e-06,2.0000000000054696e-07,1.0,False,2.0000000000054696e-07,1.0000000000027348e-06
1.8589736571791754e-06,0.0,1.0,False,0.0,1.0000000000027348e-06
1.8546884397275756e-06,0.0,1.0,False,0.0,1.0000000000027348e-06
1.8784308607431965e-06,0.0,1.0,False,0.0,1.0000000000027348e-06
1.8761724353295155e-06,0.0,1.0,False,0.0,1.0000000000027348e-06
1.8974827058996338e-06,0.0,0.0,True,0.0,1.0000000000027348e-06
1.5821138647994595e-06,0.0,1.0,False,0.0,1.0000000000027348e-06
7.457436532662582e-07,2.999999999999531e-07,1.0,False,2.999999999999531e-07,1.300000000002688e-06
6.683201974177579e-07,0.0,1.0,False,0.0,1.300000000002688e-06
1.4830326883171978e-07,0.0,1.0,False,0.0,1.300000000002688e-06
1.8426435041879436e-07,0.0,1.0,False,0.0,1.300000000002688e-06
4.61529501206094e-08,0.0,1.0,False,0.0,1.300000000002688e-06
-2.2491600786505257e-07,0.0,-1.0,False,-0.0,1.300000000002688e-06
-1.8050030806265933e-07,0.0,-1.0,False,-0.0,1.300000000002688e-06
-6.701732644238551e-07,0.0,-1.0,False,-0.0,1.300000000002688e-06
-8.318533607058394e-07,0.0,-1.0,False,-0.0,1.300000000002688e-06
-1.1586301455622996e-06,0.0,-1.0,False,-0.0,1.300000000002688e-06
4.2493142783567346e-07,0.0,1.0,False,0.0,1.300000000002688e-06
-7.299925837144317e-07,0.0,-1.0,False,-0.0,1.300000000002688e-06
-5.074508179509412e-07,0.0,-1.0,False,-0.0,1.300000000002688e-06
-7.63347789824182e-07,0.0,-1.0,False,-0.0,1.300000000002688e-06
-9.085819164270533e-07,0.0,-1.0,False,-0.0,1.300000000002688e-06
-8.257729845920828e-07,0.0,-1.0,False,-0.0,1.300000000002688e-06
-1.2336214509652974e-06,1.0000000000114084e-07,-1.0,False,-1.0000000000114084e-07,1.200000000001547e-06
-6.395397504793102e-07,0.0,-1.0,False,-0.0,1.200000000001547e-06
-6.940315021273571e-07,0.0,-1.0,False,-0.0,1.200000000001547e-06
-1.6064932775984265e-06,0.0,-1.0,False,-0.0,1.200000000001547e-06
-1.4829747799732573e-06,9.999999999940612e-08,-1.0,False,-9.999999999940612e-08,1.100000000002141e-06
-1.2684822740175017e-06,0.0,-1.0,False,-0.0,1.100000000002141e-06
-1.2046093706510873e-06,5.000000000005e-07,-1.0,False,-5.000000000005e-07,6.000000000016409e-07
-1.1323976657572357e-06,5.999999999999062e-07,-1.0,False,-5.999999999999062e-07,1.734723475976807e-18
-5.943712422056899e-07,0.0,-1.0,False,-0.0,1.734723475976807e-18
-1.4859281055142248e-07,-1.0000000000114084e-07,-1.0,False,1.0000000000114084e-07,1.0000000000287557e-07
2.541018132110841e-07,0.0,1.0,False,0.0,1.0000000000287557e-07
4.5961852585605616e-07,0.0,1.0,False,0.0,1.0000000000287557e-07
3.709029429391508e-07,0.0,1.0,False,0.0,1.0000000000287557e-07
4.933790903733903e-07,0.0,1.0,False,0.0,1.0000000000287557e-07
3.8636447077127463e-07,-4.999999999987653e-07,1.0,False,-4.999999999987653e-07,-3.9999999999588975e-07
4.4548888993456474e-07,-5.000000000005e-07,1.0,False,-5.000000000005e-07,-8.999999999963898e-07
4.577075505060184e-07,-4.000000000010939e-07,1.0,False,-4.000000000010939e-07,-1.2999999999974837e-06
9.659111769281866e-08,0.0,1.0,False,0.0,-1.2999999999974837e-06
1.7719953245804863e-08,-2.999999999999531e-07,1.0,False,-2.999999999999531e-07,-1.5999999999974368e-06
-2.5329109639591656e-07,0.0,-1.0,False,-0.0,-1.5999999999974368e-06
-2.306489339151659e-07,-9.999999999940612e-08,-1.0,False,9.999999999940612e-08,-1.4999999999980307e-06
2.3302317601672799e-07,-8.999999999998592e-07,1.0,False,-8.999999999998592e-07,-2.39999999999789e-06
7.039917372851298e-07,0.0,1.0,False,0.0,-2.39999999999789e-06
-6.879511260136005e-08,0.0,-1.0,False,-0.0,-2.39999999999789e-06
-4.908890315839471e-07,0.0,-1.0,False,-0.0,-2.39999999999789e-06
-3.138632241577201e-07,0.0,-1.0,False,-0.0,-2.39999999999789e-06
-6.161447795273324e-08,0.0,-1.0,False,-0.0,-2.39999999999789e-06
5.489711005563075e-08,0.0,1.0,False,0.0,-2.39999999999789e-06
1.47897910424136e-07,0.0,1.0,False,0.0,-2.39999999999789e-06
9.745974285192674e-08,0.0,1.0,False,0.0,-2.39999999999789e-06
-3.991622147821337e-07,0.0,-1.0,False,-0.0,-2.39999999999789e-06
-4.730532616502612e-07,0.0,-1.0,False,-0.0,-2.39999999999789e-06
-4.499478324179862e-07,0.0,-1.0,False,-0.0,-2.39999999999789e-06
-2.524224712368085e-07,0.0,-1.0,False,-0.0,-2.39999999999789e-06
-3.8294787847878284e-07,0.0,-1.0,False,-0.0,-2.39999999999789e-06
-3.3702656173393564e-07,0.0,-1.0,False,-0.0,-2.39999999999789e-06
-3.160637412274606e-07,0.0,-1.0,False,-0.0,-2.39999999999789e-06
-2.77844234226705e-07,0.0,-1.0,False,-0.0,-2.39999999999789e-06
-1.8605950908095105e-07,0.0,-1.0,False,-0.0,-2.39999999999789e-06
-1.8814420946281045e-07,0.0,-1.0,False,-0.0,-2.39999999999789e-06
-1.667181222048111e-07,0.0,-1.0,False,-0.0,-2.39999999999789e-06
1.505616942454008e-07,0.0,1.0,False,0.0,-2.39999999999789e-06
2.8780446938447766e-07,0.0,1.0,False,0.0,-2.39999999999789e-06
3.4125387084159497e-07,-3.999999999993592e-07,1.0,False,-3.999999999993592e-07,-2.799999999997249e-06
4.7021575279717477e-07,-5.999999999999062e-07,1.0,False,-5.999999999999062e-07,-3.3999999999971553e-06
2.9822797129377463e-07,-2.999999999999531e-07,1.0,False,-2.999999999999531e-07,-3.6999999999971084e-06
3.000810382998719e-07,-1.0000000000114084e-07,1.0,False,-1.0000000000114084e-07,-3.7999999999982492e-06
1.870439509279402e-07,-4.999999999987653e-07,1.0,False,-4.999999999987653e-07,-4.2999999999970145e-06
3.1884334173660644e-07,0.0,1.0,False,0.0,-4.2999999999970145e-06
5.10230418460087e-07,-1.0000000000114084e-07,1.0,False,-1.0000000000114084e-07,-4.399999999998155e-06
1.476083687044333e-07,-9.999999999940612e-08,1.0,False,-9.999999999940612e-08,-4.4999999999975615e-06
4.5388559980594287e-07,-2.0000000000054696e-07,1.0,False,-2.0000000000054696e-07,-4.6999999999981085e-06
6.862717840393249e-07,0.0,1.0,False,0.0,-4.6999999999981085e-06
1.1587459622501806e-06,-9.999999999940612e-08,1.0,False,-9.999999999940612e-08,-4.799999999997515e-06
1.216596397846779e-06,-1.0000000000114084e-07,1.0,False,-1.0000000000114084e-07,-4.8999999999986554e-06
1.3574294903101692e-06,0.0,1.0,False,0.0,-4.8999999999986554e-06
1.4923559316916244e-06,0.0,1.0,False,0.0,-4.8999999999986554e-06
1.6672970387359922e-06,0.0,1.0,False,0.0,-4.8999999999986554e-06
1.7854300603746912e-06,0.0,1.0,False,0.0,-4.8999999999986554e-06
1.752306487640703e-06,-9.999999999940612e-08,1.0,False,-9.999999999940612e-08,-4.9999999999980616e-06
1.8091724813903121e-06,-9.999999999940612e-08,1.0,False,-9.999999999940612e-08,-5.099999999997468e-06
1.6986833611517642e-06,0.0,1.0,False,0.0,-5.099999999997468e-06
1.4553524999136204e-06,-1.0000000000114084e-07,1.0,False,-1.0000000000114084e-07,-5.1999999999986085e-06
1.381056094637909e-06,0.0,1.0,False,0.0,-5.1999999999986085e-06
1.1356984413618463e-06,-9.999999999940612e-08,1.0,False,-9.999999999940612e-08,-5.299999999998015e-06
1.2004978782313091e-06,-2.0000000000054696e-07,1.0,False,-2.0000000000054696e-07,-5.499999999998562e-06
7.086244048003729e-07,0.0,1.0,False,0.0,-5.499999999998562e-06
6.863296923832655e-07,-9.999999999940612e-08,1.0,False,-9.999999999940612e-08,-5.599999999997968e-06
5.164266112617247e-07,-2.0000000000054696e-07,1.0,False,-2.0000000000054696e-07,-5.799999999998515e-06
3.271242349201035e-07,0.0,1.0,False,0.0,-5.799999999998515e-06
1.293672403631636e-07,-9.999999999940612e-08,1.0,False,-9.999999999940612e-08,-5.899999999997921e-06
9.502759240642411e-08,-2.0000000000054696e-07,1.0,False,-2.0000000000054696e-07,-6.099999999998468e-06
-2.2775351671813897e-07,0.0,-1.0,False,-0.0,-6.099999999998468e-06
-8.778325857946272e-07,0.0,-1.0,False,-0.0,-6.099999999998468e-06
-9.003010232435562e-07,-4.999999999987653e-07,-1.0,False,4.999999999987653e-07,-5.5999999999997024e-06
-8.366018449089635e-07,0.0,-1.0,False,-0.0,-5.5999999999997024e-06
-6.301006904170023e-07,-1.0000000000114084e-07,-1.0,False,1.0000000000114084e-07,-5.499999999998562e-06
-8.831022450932161e-07,0.0,-1.0,False,-0.0,-5.499999999998562e-06
-8.271048765027152e-07,0.0,-1.0,False,-0.0,-5.499999999998562e-06
-8.207928670131965e-07,-9.999999999940612e-08,-1.0,False,9.999999999940612e-08,-5.3999999999991555e-06
-5.364628982651511e-07,-9.999999999940612e-08,-1.0,False,9.999999999940612e-08,-5.299999999999749e-06
5.5476193495036136e-08,-2.0000000000054696e-07,1.0,False,-2.0000000000054696e-07,-5.500000000000296e-06
5.664015120824097e-07,-9.999999999940612e-08,1.0,False,-9.999999999940612e-08,-5.5999999999997024e-06
5.864957074297766e-07,-2.0000000000054696e-07,1.0,False,-2.0000000000054696e-07,-5.800000000000249e-06
7.087981298321945e-07,0.0,1.0,False,0.0,-5.800000000000249e-06
5.945449672375115e-07,0.0,1.0,False,0.0,-5.800000000000249e-06
4.776280208215637e-07,-2.999999999999531e-07,1.0,False,-2.999999999999531e-07,-6.1000000000002025e-06
1.215959406063433e-06,-9.999999999940612e-08,1.0,False,-9.999999999940612e-08,-6.199999999999609e-06
1.2816853764359444e-06,-2.0000000000054696e-07,1.0,False,-2.0000000000054696e-07,-6.4000000000001556e-06
9.693277692206784e-07,0.0,1.0,False,0.0,-6.4000000000001556e-06
9.078870162997668e-07,0.0,1.0,False,0.0,-6.4000000000001556e-06
7.104774718064702e-07,0.0,1.0,False,0.0,-6.4000000000001556e-06
6.566806202857096e-07,0.0,1.0,False,0.0,-6.4000000000001556e-06
4.790757294200772e-07,0.0,1.0,False,0.0,-6.4000000000001556e-06
5.211171871209083e-07,9.999999999940612e-08,1.0,False,9.999999999940612e-08,-6.3000000000007494e-06
3.405589707143085e-07,-9.999999999940612e-08,1.0,False,-9.999999999940612e-08,-6.4000000000001556e-06
3.442071963825624e-07,0.0,1.0,False,0.0,-6.4000000000001556e-06
3.258502513534116e-07,0.0,1.0,False,0.0,-6.4000000000001556e-06
7.041654623169514e-08,0.0,1.0,False,0.0,-6.4000000000001556e-06
-3.306566439004763e-08,0.0,-1.0,False,-0.0,-6.4000000000001556e-06
-1.1882792176598554e-07,0.0,-1.0,False,-0.0,-6.4000000000001556e-06
-2.860672190662615e-07,9.999999999940612e-08,-1.0,False,-9.999999999940612e-08,-6.499999999999562e-06
-3.5787356555252957e-07,-9.999999999940612e-08,-1.0,False,9.999999999940612e-08,-6.4000000000001556e-06
-4.7658567063063405e-07,0.0,-1.0,False,-0.0,-6.4000000000001556e-06
-3.19654058551774e-07,0.0,-1.0,False,-0.0,-6.4000000000001556e-06
-5.882329577479928e-07,0.0,-1.0,False,-0.0,-6.4000000000001556e-06
-3.970775144002743e-07,0.0,-1.0,False,-0.0,-6.4000000000001556e-06
-4.712581029881045e-07,-2.999999999999531e-07,-1.0,False,2.999999999999531e-07,-6.1000000000002025e-06
-6.188085633485972e-07,0.0,-1.0,False,-0.0,-6.1000000000002025e-06
-2.967802626952612e-07,0.0,-1.0,False,-0.0,-6.1000000000002025e-06
-9.450641731095927e-08,-2.0000000000054696e-07,-1.0,False,2.0000000000054696e-07,-5.8999999999996555e-06
2.451260199003006e-07,-9.999999999940612e-08,1.0,False,-9.999999999940612e-08,-5.999999999999062e-06
1.1703276310382885e-07,-5.999999999999062e-07,1.0,False,-5.999999999999062e-07,-6.599999999998968e-06
5.115044020267789e-07,0.0,1.0,False,0.0,-6.599999999998968e-06
2.76338617284251e-07,0.0,1.0,False,0.0,-6.599999999998968e-06
6.75211290346682e-08,-1.0000000000114084e-07,1.0,False,-1.0000000000114084e-07,-6.700000000000109e-06
1.0272940215051576e-07,-9.999999999940612e-08,1.0,False,-9.999999999940612e-08,-6.799999999999515e-06
1.3365245781476348e-07,0.0,1.0,False,0.0,-6.799999999999515e-06
1.8264291678845926e-07,-2.999999999999531e-07,1.0,False,-2.999999999999531e-07,-7.099999999999468e-06
8.680460756686761e-08,-2.0000000000054696e-07,1.0,False,-2.0000000000054696e-07,-7.300000000000015e-06
2.290275002848308e-07,0.0,1.0,False,0.0,-7.300000000000015e-06
8.298265686679205e-08,-9.999999999940612e-08,1.0,False,-9.999999999940612e-08,-7.399999999999421e-06
-2.1889354009523652e-07,-5.000000000005e-07,-1.0,False,5.000000000005e-07,-6.899999999998921e-06
-2.2086242378921486e-07,-1.9999999999881224e-07,-1.0,False,1.9999999999881224e-07,-6.700000000000109e-06
-4.843453887186662e-07,-1.0000000000114084e-07,-1.0,False,1.0000000000114084e-07,-6.599999999998968e-06
-5.421958243152645e-07,-1.9999999999881224e-07,-1.0,False,1.9999999999881224e-07,-6.4000000000001556e-06
-6.560436285023637e-07,-2.999999999999531e-07,-1.0,False,2.999999999999531e-07,-6.1000000000002025e-06
-7.572674137104255e-07,0.0,-1.0,False,-0.0,-6.1000000000002025e-06
-9.407789556579928e-07,-1.0000000000114084e-07,-1.0,False,1.0000000000114084e-07,-5.999999999999062e-06
-1.1707329894458722e-06,0.0,-1.0,False,-0.0,-5.999999999999062e-06
-9.711808362267756e-07,-9.999999999940612e-08,-1.0,False,9.999999999940612e-08,-5.8999999999996555e-06
-9.73033903232873e-07,0.0,-1.0,False,-0.0,-5.8999999999996555e-06
-8.426243126787796e-07,-9.999999999940612e-08,-1.0,False,9.999999999940612e-08,-5.800000000000249e-06
-9.802145378814996e-07,0.0,-1.0,False,-0.0,-5.800000000000249e-06
-6.481101853825099e-07,0.0,-1.0,False,-0.0,-5.800000000000249e-06
-5.896806663465063e-07,0.0,-1.0,False,-0.0,-5.800000000000249e-06
-5.638535449490259e-07,9.999999999940612e-08,-1.0,False,-9.999999999940612e-08,-5.8999999999996555e-06
-4.279426617205815e-07,0.0,-1.0,False,-0.0,-5.8999999999996555e-06
-5.143419108798653e-07,0.0,-1.0,False,-0.0,-5.8999999999996555e-06
-4.2122529382347897e-07,0.0,-1.0,False,-0.0,-5.8999999999996555e-06
4.0651657446258215e-08,0.0,1.0,False,0.0,-5.8999999999996555e-06
-5.6171093622322604e-08,0.0,-1.0,False,-0.0,-5.8999999999996555e-06
1.5449946163335742e-07,0.0,1.0,False,0.0,-5.8999999999996555e-06
1.0776742807334264e-07,0.0,1.0,False,0.0,-5.8999999999996555e-06
2.746592753099754e-07,0.0,1.0,False,0.0,-5.8999999999996555e-06
3.481449637705191e-07,0.0,1.0,False,0.0,-5.8999999999996555e-06
5.597420525292477e-07,0.0,1.0,False,0.0,-5.8999999999996555e-06
7.195111734611941e-07,0.0,1.0,False,0.0,-5.8999999999996555e-06
8.608654410200493e-07,0.0,1.0,False,0.0,-5.8999999999996555e-06
1.1668531304018562e-06,0.0,1.0,False,0.0,-5.8999999999996555e-06
1.2424814275881998e-06,0.0,1.0,False,0.0,-5.8999999999996555e-06
1.3318919106323916e-06,0.0,1.0,False,0.0,-5.8999999999996555e-06
1.3738754599892823e-06,0.0,1.0,False,0.0,-5.8999999999996555e-06
1.4306835453949508e-06,5.999999999999062e-07,1.0,False,5.999999999999062e-07,-5.299999999999749e-06
1.70574817911251e-06,0.0,1.0,False,0.0,-5.299999999999749e-06
1.7063851708958558e-06,0.0,1.0,False,0.0,-5.299999999999749e-06
1.8974827058996338e-06,0.0,0.0,True,0.0,-5.299999999999749e-06
1.8205225168026577e-06,0.0,1.0,False,0.0,-5.299999999999749e-06
1.7051690956731045e-06,0.0,1.0,False,0.0,-5.299999999999749e-06
1.591089658110243e-06,0.0,1.0,False,0.0,-5.299999999999749e-06
1.2801797594934905e-06,-6.999999999993123e-07,1.0,False,-6.999999999993123e-07,-5.999999999999062e-06
1.1747286651777694e-06,0.0,1.0,False,0.0,-5.999999999999062e-06
8.61270799427633e-07,-1.0000000000114084e-07,1.0,False,-1.0000000000114084e-07,-6.1000000000002025e-06
3.498822140887352e-07,-2.999999999999531e-07,1.0,False,-2.999999999999531e-07,-6.4000000000001556e-06
1.7864724105656208e-07,0.0,1.0,False,0.0,-6.4000000000001556e-06
5.1654242794960576e-08,0.0,1.0,False,0.0,-6.4000000000001556e-06
-5.015441668690063e-07,0.0,-1.0,False,-0.0,-6.4000000000001556e-06
-6.827393750589521e-07,0.0,-1.0,False,-0.0,-6.4000000000001556e-06
-7.159208561368808e-07,0.0,-1.0,False,-0.0,-6.4000000000001556e-06
-7.295872253068479e-07,0.0,-1.0,False,-0.0,-6.4000000000001556e-06
-8.475465219137254e-07,0.0,-1.0,False,-0.0,-6.4000000000001556e-06
-1.0931937169094909e-06,0.0,-1.0,False,-0.0,-6.4000000000001556e-06
-1.111608570282582e-06,0.0,-1.0,False,-0.0,-6.4000000000001556e-06
-1.0263674880021092e-06,0.0,-1.0,False,-0.0,-6.4000000000001556e-06
-1.0976526593929123e-06,0.0,-1.0,False,-0.0,-6.4000000000001556e-06
-1.390610971388098e-06,0.0,-1.0,False,-0.0,-6.4000000000001556e-06
-1.6307568737095121e-06,0.0,-1.0,False,-0.0,-6.4000000000001556e-06
-1.7478475451572815e-06,0.0,-1.0,False,-0.0,-6.4000000000001556e-06
-1.376539243810547e-06,0.0,-1.0,False,-0.0,-6.4000000000001556e-06
-1.494672265449246e-06,0.0,-1.0,False,-0.0,-6.4000000000001556e-06
-1.6154111625652694e-06,0.0,-1.0,False,-0.0,-6.4000000000001556e-06
-1.7225995071992067e-06,0.0,-1.0,False,-0.0,-6.4000000000001556e-06
-1.6396747586763552e-06,0.0,-1.0,False,-0.0,-6.4000000000001556e-06
-1.5487007503457687e-06,0.0,-1.0,False,-0.0,-6.4000000000001556e-06
-1.3420258708219858e-06,-2.0000000000054696e-07,-1.0,False,2.0000000000054696e-07,-6.199999999999609e-06
-1.2172912979740653e-06,-1.9999999999881224e-07,-1.0,False,1.9999999999881224e-07,-6.000000000000796e-06
-1.225108924406038e-06,-1.0000000000114084e-07,-1.0,False,1.0000000000114084e-07,-5.8999999999996555e-06
-1.2109213801406062e-06,-9.999999999940612e-08,-1.0,False,9.999999999940612e-08,-5.800000000000249e-06
-8.089795648493266e-07,-9.999999999940612e-08,-1.0,False,9.999999999940612e-08,-5.700000000000843e-06
-7.613789061302036e-07,-1.0000000000114084e-07,-1.0,False,1.0000000000114084e-07,-5.5999999999997024e-06
-6.815232998362008e-07,0.0,-1.0,False,-0.0,-5.5999999999997024e-06
-6.509476942355963e-07,0.0,-1.0,False,-0.0,-5.5999999999997024e-06
-3.5364625644487024e-07,-9.999999999940612e-08,-1.0,False,9.999999999940612e-08,-5.500000000000296e-06
-1.822375583808755e-07,-2.999999999999531e-07,-1.0,False,2.999999999999531e-07,-5.200000000000343e-06
-4.024629903867444e-08,0.0,-1.0,False,-0.0,-5.200000000000343e-06
3.254448929458278e-08,-9.999999999940612e-08,1.0,False,-9.999999999940612e-08,-5.299999999999749e-06
3.4745006364323257e-08,0.0,1.0,False,0.0,-5.299999999999749e-06
1.2403967272063402e-07,-1.0000000000114084e-07,1.0,False,-1.0000000000114084e-07,-5.40000000000089e-06
3.841639537015342e-07,0.0,1.0,False,0.0,-5.40000000000089e-06
5.607264943762368e-07,-9.999999999940612e-08,1.0,False,-9.999999999940612e-08,-5.500000000000296e-06
4.0726938293380914e-07,0.0,1.0,False,0.0,-5.500000000000296e-06
5.889857662192198e-07,-9.999999999940612e-08,1.0,False,-9.999999999940612e-08,-5.5999999999997024e-06
4.624560347091426e-07,-1.0000000000114084e-07,1.0,False,-1.0000000000114084e-07,-5.700000000000843e-06
4.829555884640933e-07,-9.999999999940612e-08,1.0,False,-9.999999999940612e-08,-5.800000000000249e-06
4.4815267375582953e-07,-9.999999999940612e-08,1.0,False,-9.999999999940612e-08,-5.8999999999996555e-06
3.8329532854242607e-07,0.0,1.0,False,0.0,-5.8999999999996555e-06
3.202331419911794e-07,-1.0000000000114084e-07,1.0,False,-1.0000000000114084e-07,-6.000000000000796e-06
5.697601960309609e-07,0.0,1.0,False,0.0,-6.000000000000796e-06
3.37605645173341e-07,0.0,1.0,False,0.0,-6.000000000000796e-06
3.9476118064265275e-07,0.0,1.0,False,0.0,-6.000000000000796e-06
2.8682002753748853e-07,-9.999999999940612e-08,1.0,False,-9.999999999940612e-08,-6.1000000000002025e-06
3.552097817312648e-07,0.0,1.0,False,0.0,-6.1000000000002025e-06
4.064007577747011e-07,-9.999999999940612e-08,1.0,False,-9.999999999940612e-08,-6.199999999999609e-06
3.1809053326537943e-07,-1.0000000000114084e-07,1.0,False,-1.0000000000114084e-07,-6.3000000000007494e-06
1.6573368035782195e-07,-9.999999999940612e-08,1.0,False,-9.999999999940612e-08,-6.4000000000001556e-06
2.2850632518936598e-07,0.0,1.0,False,0.0,-6.4000000000001556e-06
1.5698952042280058e-07,-9.999999999940612e-08,1.0,False,-9.999999999940612e-08,-6.499999999999562e-06
1.9966796990697766e-07,-1.0000000000114084e-07,1.0,False,-1.0000000000114084e-07,-6.6000000000007025e-06
2.63656689961273e-07,0.0,1.0,False,0.0,-6.6000000000007025e-06
-4.225571857341114e-07,-9.999999999940612e-08,-1.0,False,9.999999999940612e-08,-6.500000000001296e-06
-2.422885110472142e-07,0.0,-1.0,False,-0.0,-6.500000000001296e-06
-2.1356597245270698e-07,0.0,-1.0,False,-0.0,-6.500000000001296e-06
-1.5843722902131406e-07,-9.999999999940612e-08,-1.0,False,9.999999999940612e-08,-6.40000000000189e-06
-2.953325540967477e-08,0.0,-1.0,False,-0.0,-6.40000000000189e-06
-1.447708598513469e-09,-1.0000000000114084e-07,-1.0,False,1.0000000000114084e-07,-6.3000000000007494e-06
-4.5689683369085087e-08,0.0,-1.0,False,-0.0,-6.3000000000007494e-06
5.679650373688042e-07,-9.999999999940612e-08,1.0,False,-9.999999999940612e-08,-6.4000000000001556e-06
5.016599835568873e-07,0.0,1.0,False,0.0,-6.4000000000001556e-06
5.518086094093939e-07,1.1999999999998123e-06,1.0,False,1.1999999999998123e-06,-5.200000000000343e-06
7.866269440882785e-07,2.0000000000054696e-07,1.0,False,2.0000000000054696e-07,-4.999999999999796e-06
7.208430653718266e-07,-1.0000000000114084e-07,1.0,False,-1.0000000000114084e-07,-5.100000000000937e-06
8.289000351648719e-07,0.0,1.0,False,0.0,-5.100000000000937e-06
8.883719043918052e-07,-9.999999999940612e-08,1.0,False,-9.999999999940612e-08,-5.200000000000343e-06
7.897539946610677e-07,-9.999999999992654e-07,1.0,False,-9.999999999992654e-07,-6.199999999999609e-06
8.108326318554238e-07,-2.999999999999531e-07,1.0,False,-2.999999999999531e-07,-6.499999999999562e-06
6.8789321766966e-07,0.0,1.0,False,0.0,-6.499999999999562e-06
3.3355206109750326e-07,0.0,1.0,False,0.0,-6.499999999999562e-06
1.9318223538563731e-07,9.999999999940612e-08,1.0,False,9.999999999940612e-08,-6.4000000000001556e-06
1.9619346927054534e-07,0.0,1.0,False,0.0,-6.4000000000001556e-06
2.424622360790358e-07,0.0,1.0,False,0.0,-6.4000000000001556e-06
4.1786660987492776e-07,0.0,1.0,False,0.0,-6.4000000000001556e-06
4.717213697396288e-07,0.0,1.0,False,0.0,-6.4000000000001556e-06
7.264601747340588e-07,0.0,1.0,False,0.0,-6.4000000000001556e-06
3.7814148593171815e-07,0.0,1.0,False,0.0,-6.4000000000001556e-06
4.441569980239323e-07,2.0000000000054696e-07,1.0,False,2.0000000000054696e-07,-6.199999999999609e-06
3.608847994374376e-07,-2.0000000000054696e-07,1.0,False,-2.0000000000054696e-07,-6.4000000000001556e-06
5.20653920369384e-07,0.0,1.0,False,0.0,-6.4000000000001556e-06
5.182217699238814e-07,-2.999999999999531e-07,1.0,False,-2.999999999999531e-07,-6.700000000000109e-06
4.0060992338064715e-07,0.0,1.0,False,0.0,-6.700000000000109e-06
1.2467666450397997e-07,-9.999999999940612e-08,1.0,False,-9.999999999940612e-08,-6.799999999999515e-06
6.474152852552234e-08,-1.0000000000114084e-07,1.0,False,-1.0000000000114084e-07,-6.900000000000656e-06
3.7200320147402104e-07,-9.999999999940612e-08,1.0,False,-9.999999999940612e-08,-7.000000000000062e-06
1.425124344376659e-07,0.0,1.0,False,0.0,-7.000000000000062e-06
3.819055282878532e-07,0.0,1.0,False,0.0,-7.000000000000062e-06
3.5810519892829175e-07,0.0,1.0,False,0.0,-7.000000000000062e-06
6.126123705469596e-07,-2.0000000000054696e-07,1.0,False,-2.0000000000054696e-07,-7.200000000000609e-06
9.119985087195451e-07,-9.999999999940612e-08,1.0,False,-9.999999999940612e-08,-7.300000000000015e-06
7.181213732066213e-07,0.0,1.0,False,0.0,-7.300000000000015e-06
7.507237708451446e-07,0.0,1.0,False,0.0,-7.300000000000015e-06
9.030806237527021e-07,0.0,1.0,False,0.0,-7.300000000000015e-06
1.0897192162730584e-06,0.0,1.0,False,0.0,-7.300000000000015e-06
1.3244217342640621e-06,0.0,1.0,False,0.0,-7.300000000000015e-06
1.0357486397204763e-06,-1.0000000000114084e-07,1.0,False,-1.0000000000114084e-07,-7.400000000001156e-06
1.326448526301981e-06,0.0,1.0,False,0.0,-7.400000000001156e-06
1.045593058190368e-06,0.0,1.0,False,0.0,-7.400000000001156e-06
1.3642047665512123e-06,0.0,1.0,False,0.0,-7.400000000001156e-06
1.2537735546566049e-06,-1.9999999999881224e-07,1.0,False,-1.9999999999881224e-07,-7.599999999999968e-06
1.2779213340798095e-06,-1.0000000000114084e-07,1.0,False,-1.0000000000114084e-07,-7.700000000001109e-06
1.181561849762753e-06,-9.999999999940612e-08,1.0,False,-9.999999999940612e-08,-7.800000000000515e-06
1.0750684052561023e-06,-9.999999999940612e-08,1.0,False,-9.999999999940612e-08,-7.899999999999921e-06
1.1474538351817756e-06,0.0,1.0,False,0.0,-7.899999999999921e-06
1.056248193475427e-06,0.0,1.0,False,0.0,-7.899999999999921e-06
1.18770013422045e-06,0.0,1.0,False,0.0,-7.899999999999921e-06
9.622629512599327e-07,0.0,1.0,False,0.0,-7.899999999999921e-06
7.930547702656784e-07,0.0,1.0,False,0.0,-7.899999999999921e-06
9.213217520939717e-07,0.0,1.0,False,0.0,-7.899999999999921e-06
5.791992560932688e-07,0.0,1.0,False,0.0,-7.899999999999921e-06
7.209588820597077e-07,0.0,1.0,False,0.0,-7.899999999999921e-06
3.9499281401841493e-07,0.0,1.0,False,0.0,-7.899999999999921e-06
4.83360946871677e-07,-1.0000000000114084e-07,1.0,False,-1.0000000000114084e-07,-8.000000000001062e-06
5.559780101731127e-07,0.0,1.0,False,0.0,-8.000000000001062e-06
2.6284597314610546e-07,0.0,1.0,False,0.0,-8.000000000001062e-06
7.730763916061925e-08,0.0,1.0,False,0.0,-8.000000000001062e-06
6.369917833459264e-09,0.0,1.0,False,0.0,-8.000000000001062e-06
-1.5531017844852498e-07,0.0,-1.0,False,-0.0,-8.000000000001062e-06
-1.2583483138279074e-07,7.00000000001047e-07,-1.0,False,-7.00000000001047e-07,-8.700000000002109e-06
-1.9381922716898326e-07,0.0,-1.0,False,-0.0,-8.700000000002109e-06
-4.0356324892161465e-07,0.0,-1.0,False,-0.0,-8.700000000002109e-06
1.4008028399216327e-07,2.0000000000054696e-07,1.0,False,2.0000000000054696e-07,-8.500000000001562e-06
-2.762228005963699e-08,0.0,-1.0,False,-0.0,-8.500000000001562e-06
-4.875882559793364e-08,0.0,-1.0,False,-0.0,-8.500000000001562e-06
-1.1182101214918035e-07,0.0,-1.0,False,-0.0,-8.500000000001562e-06
-2.35281601430409e-07,0.0,-1.0,False,-0.0,-8.500000000001562e-06
-3.736246351043561e-07,0.0,-1.0,False,-0.0,-8.500000000001562e-06
1.0122378520806177e-07,0.0,1.0,False,0.0,-8.500000000001562e-06
-2.828243518055913e-07,8.999999999998592e-07,-1.0,False,-8.999999999998592e-07,-9.400000000001421e-06
-2.1721419812096092e-07,-2.999999999999531e-07,-1.0,False,2.999999999999531e-07,-9.100000000001468e-06
-4.1161250872934953e-07,9.999999999940612e-08,-1.0,False,-9.999999999940612e-08,-9.200000000000874e-06
-1.2988841545862845e-07,0.0,-1.0,False,-0.0,-9.200000000000874e-06
2.593135641657326e-07,0.0,1.0,False,0.0,-9.200000000000874e-06
5.959347674920844e-07,0.0,1.0,False,0.0,-9.200000000000874e-06
4.3002736210244086e-07,0.0,1.0,False,0.0,-9.200000000000874e-06
4.5602820853174277e-07,0.0,1.0,False,0.0,-9.200000000000874e-06
1.593637625243627e-07,-9.999999999940612e-08,1.0,False,-9.999999999940612e-08,-9.30000000000028e-06
1.2751417335706637e-07,9.999999999940612e-08,1.0,False,9.999999999940612e-08,-9.200000000000874e-06
-4.024629903867444e-08,0.0,-1.0,False,-0.0,-9.200000000000874e-06
-1.7870514940050264e-07,9.999999999940612e-08,-1.0,False,-9.999999999940612e-08,-9.30000000000028e-06
-1.77778615897454e-07,-1.9999999999881224e-07,-1.0,False,1.9999999999881224e-07,-9.100000000001468e-06
-4.269582198735923e-07,0.0,-1.0,False,-0.0,-9.100000000001468e-06
-5.320618641256701e-07,0.0,-1.0,False,-0.0,-9.100000000001468e-06
-7.96123912494527e-07,-5.999999999999062e-07,-1.0,False,5.999999999999062e-07,-8.500000000001562e-06
-7.511870375966688e-07,0.0,-1.0,False,-0.0,-8.500000000001562e-06
-8.890668045190917e-07,-1.000000000001e-06,-1.0,False,1.000000000001e-06,-7.500000000000562e-06
-1.1400415671573868e-06,0.0,-1.0,False,-0.0,-7.500000000000562e-06
-1.0923250917503826e-06,0.0,-1.0,False,-0.0,-7.500000000000562e-06
-1.72833243324932e-06,1.9000000000008593e-06,-1.0,False,-1.9000000000008593e-06,-9.400000000001421e-06
-1.4301044619555453e-06,-4.000000000010939e-07,-1.0,False,4.000000000010939e-07,-9.000000000000327e-06
-1.61761167963501e-06,-8.000000000004531e-07,-1.0,False,8.000000000004531e-07,-8.199999999999874e-06
-1.4329419708086317e-06,-9.999999999940612e-08,-1.0,False,9.999999999940612e-08,-8.100000000000468e-06
-1.6355632662565769e-06,0.0,-1.0,False,-0.0,-8.100000000000468e-06
-1.8898388044994827e-06,-3.999999999993592e-07,-1.0,False,3.999999999993592e-07,-7.700000000001109e-06
-1.6543255696933114e-06,-2.999999999999531e-07,-1.0,False,2.999999999999531e-07,-7.400000000001156e-06
-1.6737827732573325e-06,0.0,-1.0,False,-0.0,-7.400000000001156e-06
-1.7670731153455405e-06,-1.0000000000114084e-07,-1.0,False,1.0000000000114084e-07,-7.300000000000015e-06
-1.5613826776687466e-06,-9.999999999940612e-08,-1.0,False,9.999999999940612e-08,-7.200000000000609e-06
-1.3978495143806653e-06,0.0,-1.0,False,-0.0,-7.200000000000609e-06
-1.029899896982482e-06,-9.999999999940612e-08,-1.0,False,9.999999999940612e-08,-7.1000000000012026e-06
-1.4261087862236481e-06,-1.0000000000114084e-07,-1.0,False,1.0000000000114084e-07,-7.000000000000062e-06
-9.183684265530043e-07,-9.999999999940612e-08,-1.0,False,9.999999999940612e-08,-6.900000000000656e-06
-7.823417266366787e-07,-2.999999999999531e-07,-1.0,False,2.999999999999531e-07,-6.6000000000007025e-06
-5.501871757790588e-07,-2.0000000000054696e-07,-1.0,False,2.0000000000054696e-07,-6.4000000000001556e-06
8.38686545290823e-07,-2.999999999999531e-07,1.0,False,-2.999999999999531e-07,-6.700000000000109e-06
9.157046427317395e-07,0.0,1.0,False,0.0,-6.700000000000109e-06
1.2584641305157884e-06,0.0,1.0,False,0.0,-6.700000000000109e-06
1.314635224138111e-06,0.0,1.0,False,0.0,-6.700000000000109e-06
1.8974827058996338e-06,0.0,0.0,True,0.0,-6.700000000000109e-06
1.6819478497529485e-06,0.0,1.0,False,0.0,-6.700000000000109e-06
1.8974827058996338e-06,0.0,0.0,True,0.0,-6.700000000000109e-06
1.8974827058996338e-06,0.0,0.0,True,0.0,-6.700000000000109e-06
1.8974827058996338e-06,-9.999999999940612e-08,0.0,True,-0.0,-6.700000000000109e-06
1.8974827058996338e-06,0.0,0.0,True,0.0,-6.700000000000109e-06
1.8974827058996338e-06,0.0,0.0,True,0.0,-6.700000000000109e-06
1.8974827058996338e-06,0.0,0.0,True,0.0,-6.700000000000109e-06
1.8974827058996338e-06,0.0,0.0,True,0.0,-6.700000000000109e-06
1.8974827058996338e-06,0.0,0.0,True,0.0,-6.700000000000109e-06
1.8974827058996338e-06,0.0,0.0,True,0.0,-6.700000000000109e-06
1.8974827058996338e-06,9.999999999940612e-08,0.0,True,0.0,-6.700000000000109e-06
1.8974827058996338e-06,0.0,0.0,True,0.0,-6.700000000000109e-06
1.8856694037357638e-06,-9.999999999940612e-08,1.0,False,-9.999999999940612e-08,-6.799999999999515e-06
1.8974827058996338e-06,0.0,0.0,True,0.0,-6.799999999999515e-06
1.8974827058996338e-06,0.0,0.0,True,0.0,-6.799999999999515e-06
1.8974827058996338e-06,-9.999999999940612e-08,0.0,True,-0.0,-6.799999999999515e-06
1.8974827058996338e-06,-1.0000000000114084e-07,0.0,True,-0.0,-6.799999999999515e-06
1.8974827058996338e-06,-9.999999999940612e-08,0.0,True,-0.0,-6.799999999999515e-06
1.8974827058996338e-06,0.0,0.0,True,0.0,-6.799999999999515e-06
1.8974827058996338e-06,0.0,0.0,True,0.0,-6.799999999999515e-06
1.8974827058996338e-06,-2.0000000000054696e-07,0.0,True,-0.0,-6.799999999999515e-06
1.8974827058996338e-06,1.0000000000114084e-07,0.0,True,0.0,-6.799999999999515e-06
1.8892018127161368e-06,0.0,1.0,False,0.0,-6.799999999999515e-06
1.8854377703600017e-06,0.0,1.0,False,0.0,-6.799999999999515e-06
1.516156261051186e-06,0.0,1.0,False,0.0,-6.799999999999515e-06
1.7219625154158606e-06,0.0,1.0,False,0.0,-6.799999999999515e-06
1.6982780027441804e-06,0.0,1.0,False,0.0,-6.799999999999515e-06
1.3331658941990834e-06,0.0,1.0,False,0.0,-6.799999999999515e-06
1.0926146334700855e-06,0.0,1.0,False,0.0,-6.799999999999515e-06
6.720263314299523e-07,0.0,1.0,False,0.0,-6.799999999999515e-06
1.7708371577016754e-07,0.0,1.0,False,0.0,-6.799999999999515e-06
-3.821950700075558e-09,0.0,-1.0,False,-0.0,-6.799999999999515e-06
-3.1641119129110383e-07,0.0,-1.0,False,-0.0,-6.799999999999515e-06
-7.145889642262483e-07,0.0,-1.0,False,-0.0,-6.799999999999515e-06
-9.340615877608903e-07,0.0,-1.0,False,-0.0,-6.799999999999515e-06
-1.5195149449997371e-06,0.0,-1.0,False,-0.0,-6.799999999999515e-06
-1.6045823022483886e-06,9.999999999940612e-08,-1.0,False,-9.999999999940612e-08,-6.899999999998921e-06
-1.6979305526805371e-06,0.0,-1.0,False,-0.0,-6.899999999998921e-06
-1.8592631988988782e-06,0.0,-1.0,False,-0.0,-6.899999999998921e-06
-1.842064420748538e-06,0.0,-1.0,False,-0.0,-6.899999999998921e-06
-1.8654593917005159e-06,0.0,-1.0,False,-0.0,-6.899999999998921e-06
-1.8975406142435743e-06,0.0,0.0,True,0.0,-6.899999999998921e-06
-1.3676792671876446e-06,0.0,-1.0,False,-0.0,-6.899999999998921e-06
-1.636547708103566e-06,9.999999999940612e-08,-1.0,False,-9.999999999940612e-08,-6.999999999998327e-06
-1.844207029474338e-06,0.0,-1.0,False,-0.0,-6.999999999998327e-06
-1.6325520323716688e-06,2.0000000000054696e-07,-1.0,False,-2.0000000000054696e-07,-7.199999999998874e-06
-1.4920663899719218e-06,9.999999999940612e-08,-1.0,False,-9.999999999940612e-08,-7.29999999999828e-06
-8.327219858649475e-07,0.0,-1.0,False,-0.0,-7.29999999999828e-06
-7.818205515412139e-07,2.0000000000054696e-07,-1.0,False,-2.0000000000054696e-07,-7.499999999998827e-06
-9.721073697298243e-07,0.0,-1.0,False,-0.0,-7.499999999998827e-06
-6.768906323209577e-07,0.0,-1.0,False,-0.0,-7.499999999998827e-06
-4.5568075846809953e-07,0.0,-1.0,False,-0.0,-7.499999999998827e-06
-4.943635322203795e-07,0.0,-1.0,False,-0.0,-7.499999999998827e-06
-4.860247306929419e-07,0.0,-1.0,False,-0.0,-7.499999999998827e-06
-4.642511933712993e-07,0.0,-1.0,False,-0.0,-7.499999999998827e-06
-4.2956409535091656e-07,0.0,-1.0,False,-0.0,-7.499999999998827e-06
-4.374975384707704e-07,0.0,-1.0,False,-0.0,-7.499999999998827e-06
-4.961007825385956e-07,0.0,-1.0,False,-0.0,-7.499999999998827e-06
-4.80349712986769e-07,0.0,-1.0,False,-0.0,-7.499999999998827e-06
-3.266030598246386e-07,0.0,-1.0,False,-0.0,-7.499999999998827e-06
-2.4883215391249505e-07,9.999999999992654e-07,-1.0,False,-9.999999999992654e-07,-8.499999999998092e-06
-2.9475347065734232e-08,0.0,-1.0,False,-0.0,-8.499999999998092e-06
2.252634579286958e-08,-1.0999999999986715e-06,1.0,False,-1.0999999999986715e-06,-9.599999999996764e-06
4.327490542676462e-07,0.0,1.0,False,0.0,-9.599999999996764e-06
4.926262819021632e-07,0.0,1.0,False,0.0,-9.599999999996764e-06
3.0181828861808806e-07,0.0,1.0,False,0.0,-9.599999999996764e-06
1.0406129406114816e-07,0.0,1.0,False,0.0,-9.599999999996764e-06
3.8740682096220435e-08,0.0,1.0,False,0.0,-9.599999999996764e-06
-3.528355396297027e-07,1.1999999999998123e-06,-1.0,False,-1.1999999999998123e-06,-1.0799999999996576e-05
-4.082538247807983e-07,0.0,-1.0,False,-0.0,-1.0799999999996576e-05
-5.655328869233016e-07,0.0,-1.0,False,-0.0,-1.0799999999996576e-05
-3.1473184931682817e-07,0.0,-1.0,False,-0.0,-1.0799999999996576e-05
-4.5017946579374837e-07,0.0,-1.0,False,-0.0,-1.0799999999996576e-05
-6.520479527704665e-07,0.0,-1.0,False,-0.0,-1.0799999999996576e-05
-9.561825751461761e-07,0.0,-1.0,False,-0.0,-1.0799999999996576e-05
-9.41126405721636e-07,0.0,-1.0,False,-0.0,-1.0799999999996576e-05
-1.2818011931238256e-06,0.0,-1.0,False,-0.0,-1.0799999999996576e-05
-1.1356984413618463e-06,-1.0000000000114084e-07,-1.0,False,1.0000000000114084e-07,-1.0699999999995435e-05
-1.2199550817953302e-06,-2.999999999999531e-07,-1.0,False,2.999999999999531e-07,-1.0399999999995482e-05
-9.97239591000018e-07,-8.999999999998592e-07,-1.0,False,8.999999999998592e-07,-9.499999999995623e-06
-1.396112264062449e-06,-5.999999999999062e-07,-1.0,False,5.999999999999062e-07,-8.899999999995717e-06
-8.784116692340326e-07,-1.9999999999881224e-07,-1.0,False,1.9999999999881224e-07,-8.699999999996905e-06
-1.2872445774542362e-06,-2.0000000000054696e-07,-1.0,False,2.0000000000054696e-07,-8.499999999996358e-06
-7.371732183630585e-07,-9.999999999940612e-08,-1.0,False,9.999999999940612e-08,-8.399999999996952e-06
-2.903524365178614e-07,-2.999999999999531e-07,-1.0,False,2.999999999999531e-07,-8.099999999996998e-06
-1.9051845156437255e-08,-1.0000000000114084e-07,-1.0,False,1.0000000000114084e-07,-7.999999999995858e-06
2.614561728915325e-07,0.0,1.0,False,0.0,-7.999999999995858e-06
2.9295831199518564e-07,0.0,1.0,False,0.0,-7.999999999995858e-06
8.05157614149251e-07,0.0,1.0,False,0.0,-7.999999999995858e-06
9.44890448077771e-07,1.0000000000114084e-07,1.0,False,1.0000000000114084e-07,-7.899999999994717e-06
1.3796083860393955e-06,0.0,1.0,False,0.0,-7.899999999994717e-06
1.6331311158110743e-06,0.0,1.0,False,0.0,-7.899999999994717e-06
1.8974827058996338e-06,0.0,0.0,True,0.0,-7.899999999994717e-06
1.8974827058996338e-06,0.0,0.0,True,0.0,-7.899999999994717e-06
1.8974827058996338e-06,0.0,0.0,True,0.0,-7.899999999994717e-06
1.8974827058996338e-06,0.0,0.0,True,0.0,-7.899999999994717e-06
1.895571730549596e-06,0.0,1.0,False,0.0,-7.899999999994717e-06
1.8944714720147258e-06,-1.0000000000114084e-07,1.0,False,-1.0000000000114084e-07,-7.999999999995858e-06
1.894413563670785e-06,1.0000000000114084e-07,1.0,False,1.0000000000114084e-07,-7.899999999994717e-06
1.8974827058996338e-06,-1.0000000000114084e-07,0.0,True,-0.0,-7.899999999994717e-06
1.8974827058996338e-06,0.0,0.0,True,0.0,-7.899999999994717e-06
1.896845714116288e-06,0.0,1.0,False,0.0,-7.899999999994717e-06
1.8974827058996338e-06,0.0,0.0,True,0.0,-7.899999999994717e-06
1.8974827058996338e-06,0.0,0.0,True,0.0,-7.899999999994717e-06
1.8974827058996338e-06,0.0,0.0,True,0.0,-7.899999999994717e-06
1.8974827058996338e-06,0.0,0.0,True,0.0,-7.899999999994717e-06
1.8974827058996338e-06,0.0,0.0,True,0.0,-7.899999999994717e-06
1.8879278291494448e-06,0.0,1.0,False,0.0,-7.899999999994717e-06
1.8878120124615638e-06,0.0,1.0,False,0.0,-7.899999999994717e-06
1.8854956787039422e-06,-2.0000000000054696e-07,1.0,False,-2.0000000000054696e-07,-8.099999999995264e-06
1.8799364776856506e-06,-1.9999999999881224e-07,1.0,False,-1.9999999999881224e-07,-8.299999999994076e-06
1.8974827058996338e-06,-2.0000000000054696e-07,0.0,True,-0.0,-8.299999999994076e-06
1.8890280876843151e-06,-9.999999999940612e-08,1.0,False,-9.999999999940612e-08,-8.399999999993482e-06
1.8941240219510825e-06,0.0,1.0,False,0.0,-8.399999999993482e-06
1.4857543804824032e-06,-1.0000000000114084e-07,1.0,False,-1.0000000000114084e-07,-8.499999999994623e-06
1.609678236515156e-06,-1.9999999999881224e-07,1.0,False,-1.9999999999881224e-07,-8.699999999993435e-06
1.204783095682909e-06,-2.999999999999531e-07,1.0,False,-2.999999999999531e-07,-8.999999999993388e-06
1.4102418999839405e-06,-2.999999999999531e-07,1.0,False,-2.999999999999531e-07,-9.299999999993341e-06
9.945758071787534e-07,-1.0000000000114084e-07,1.0,False,-1.0000000000114084e-07,-9.399999999994482e-06
7.162103978565835e-07,-9.999999999940612e-08,1.0,False,-9.999999999940612e-08,-9.499999999993888e-06
5.118518520904221e-07,0.0,1.0,False,0.0,-9.499999999993888e-06
2.9023661982998027e-07,0.0,1.0,False,0.0,-9.499999999993888e-06
1.9156080175530224e-07,-9.999999999940612e-08,1.0,False,-9.999999999940612e-08,-9.599999999993294e-06
2.2642162480750658e-07,0.0,1.0,False,0.0,-9.599999999993294e-06
-9.369570049579172e-08,-2.999999999999531e-07,-1.0,False,2.999999999999531e-07,-9.299999999993341e-06
-3.9036014650317183e-07,0.0,-1.0,False,-0.0,-9.299999999993341e-06
-3.0297645549689884e-07,0.0,-1.0,False,-0.0,-9.299999999993341e-06
-9.091030915225181e-07,0.0,-1.0,False,-0.0,-9.299999999993341e-06
-1.767362657065243e-07,0.0,-1.0,False,-0.0,-9.299999999993341e-06
-3.437439296310381e-07,0.0,-1.0,False,-0.0,-9.299999999993341e-06
-5.734663300431554e-07,0.0,-1.0,False,-0.0,-9.299999999993341e-06
-6.699995393920335e-07,0.0,-1.0,False,-0.0,-9.299999999993341e-06
-8.915568633085348e-07,0.0,-1.0,False,-0.0,-9.299999999993341e-06
-1.2484459870140752e-06,0.0,-1.0,False,-0.0,-9.299999999993341e-06
-1.020113386856531e-06,0.0,-1.0,False,-0.0,-9.299999999993341e-06
-1.1715437062610397e-06,0.0,-1.0,False,-0.0,-9.299999999993341e-06
-1.271319782870588e-06,0.0,-1.0,False,-0.0,-9.299999999993341e-06
-1.2948884788543873e-06,-1.0000000000114084e-07,-1.0,False,1.0000000000114084e-07,-9.1999999999922e-06
-1.3619463411375312e-06,0.0,-1.0,False,-0.0,-9.1999999999922e-06
-1.2648340483492478e-06,-9.999999999940612e-08,-1.0,False,9.999999999940612e-08,-9.099999999992794e-06
-1.2248193826863355e-06,0.0,-1.0,False,-0.0,-9.099999999992794e-06
-1.1917537182962879e-06,0.0,-1.0,False,-0.0,-9.099999999992794e-06
-1.1132879122568579e-06,0.0,-1.0,False,-0.0,-9.099999999992794e-06
-1.1565454451804403e-06,0.0,-1.0,False,-0.0,-9.099999999992794e-06
-8.980425978298752e-07,-9.999999999940612e-08,-1.0,False,9.999999999940612e-08,-8.999999999993388e-06
-2.0273711213582621e-07,0.0,-1.0,False,-0.0,-8.999999999993388e-06
3.66733542175432e-07,-1.0000000000114084e-07,1.0,False,-1.0000000000114084e-07,-9.099999999994529e-06
5.452070582001725e-07,-1.9999999999881224e-07,1.0,False,-1.9999999999881224e-07,-9.299999999993341e-06
7.65606215237863e-07,0.0,1.0,False,0.0,-9.299999999993341e-06
7.972820793733377e-07,0.0,1.0,False,0.0,-9.299999999993341e-06
9.447167230459494e-07,0.0,1.0,False,0.0,-9.299999999993341e-06
1.0281047383203252e-06,0.0,1.0,False,0.0,-9.299999999993341e-06
1.0794115310516425e-06,0.0,1.0,False,0.0,-9.299999999993341e-06
1.0513259842404814e-06,0.0,1.0,False,0.0,-9.299999999993341e-06
1.1164728711735873e-06,0.0,1.0,False,0.0,-9.299999999993341e-06
9.837469468618726e-07,0.0,1.0,False,0.0,-9.299999999993341e-06
9.85715830555851e-07,0.0,1.0,False,0.0,-9.299999999993341e-06
9.028489903769399e-07,0.0,1.0,False,0.0,-9.299999999993341e-06
7.50665862501204e-07,0.0,1.0,False,0.0,-9.299999999993341e-06
6.718526063981308e-07,0.0,1.0,False,0.0,-9.299999999993341e-06
5.465968584547454e-07,0.0,1.0,False,0.0,-9.299999999993341e-06
4.4074040573144053e-07,0.0,1.0,False,0.0,-9.299999999993341e-06
2.9481137900128284e-07,0.0,1.0,False,0.0,-9.299999999993341e-06
2.6805772410075397e-07,0.0,1.0,False,0.0,-9.299999999993341e-06
-2.62903881490046e-08,0.0,-1.0,False,-0.0,-9.299999999993341e-06
-1.0475619418843463e-07,0.0,-1.0,False,-0.0,-9.299999999993341e-06
-2.516696627655815e-07,-1.0000000000114084e-07,-1.0,False,1.0000000000114084e-07,-9.1999999999922e-06
-3.6517001688903746e-07,0.0,-1.0,False,-0.0,-9.1999999999922e-06
-5.312511473105026e-07,-9.999999999940612e-08,-1.0,False,9.999999999940612e-08,-9.099999999992794e-06
-7.105353801504106e-07,-9.999999999940612e-08,-1.0,False,9.999999999940612e-08,-8.999999999993388e-06
-8.270469681587746e-07,-1.0000000000114084e-07,-1.0,False,1.0000000000114084e-07,-8.899999999992247e-06
-8.884298127357457e-07,-9.999999999940612e-08,-1.0,False,9.999999999940612e-08,-8.799999999992841e-06
-9.926648318287155e-07,-9.999999999940612e-08,-1.0,False,9.999999999940612e-08,-8.699999999993435e-06
-1.1306604154390194e-06,0.0,-1.0,False,-0.0,-8.699999999993435e-06
-1.2268461747242543e-06,-1.0000000000114084e-07,-1.0,False,1.0000000000114084e-07,-8.599999999992294e-06
-1.1784927075339045e-06,0.0,-1.0,False,-0.0,-8.599999999992294e-06
-1.031752963988579e-06,-9.999999999940612e-08,-1.0,False,9.999999999940612e-08,-8.499999999992888e-06
-8.084583897538617e-07,0.0,-1.0,False,-0.0,-8.499999999992888e-06
-7.916649700111055e-07,0.0,-1.0,False,-0.0,-8.499999999992888e-06
-7.376364851145828e-07,0.0,-1.0,False,-0.0,-8.499999999992888e-06
-7.539087297618742e-07,0.0,-1.0,False,-0.0,-8.499999999992888e-06
-6.531482113053368e-07,0.0,-1.0,False,-0.0,-8.499999999992888e-06
-4.13060217327863e-07,0.0,-1.0,False,-0.0,-8.499999999992888e-06
-1.9723581946147502e-07,0.0,-1.0,False,-0.0,-8.499999999992888e-06
-4.070956579019875e-08,0.0,-1.0,False,-0.0,-8.499999999992888e-06
-1.077095197294021e-08,0.0,-1.0,False,-0.0,-8.499999999992888e-06
1.7488319870042706e-08,0.0,1.0,False,0.0,-8.499999999992888e-06
-1.1512178775379107e-07,0.0,-1.0,False,-0.0,-8.499999999992888e-06
-4.754275037518233e-08,0.0,-1.0,False,-0.0,-8.499999999992888e-06
-1.3938538386487682e-07,0.0,-1.0,False,-0.0,-8.499999999992888e-06
1.3017795717833113e-07,0.0,1.0,False,0.0,-8.499999999992888e-06
1.0527736928389948e-07,0.0,1.0,False,0.0,-8.499999999992888e-06
7.777090591214356e-08,0.0,1.0,False,0.0,-8.499999999992888e-06
4.545804999332293e-08,0.0,1.0,False,0.0,-8.499999999992888e-06
8.518317393653252e-08,0.0,1.0,False,0.0,-8.499999999992888e-06
2.0267920379188567e-08,0.0,1.0,False,0.0,-8.499999999992888e-06
3.462918967644218e-08,0.0,1.0,False,0.0,-8.499999999992888e-06
2.3279154264096584e-08,0.0,1.0,False,0.0,-8.499999999992888e-06
1.9457203564021024e-08,0.0,1.0,False,0.0,-8.499999999992888e-06
6.190401967243594e-08,0.0,1.0,False,0.0,-8.499999999992888e-06
3.0228155536961235e-08,0.0,1.0,False,0.0,-8.499999999992888e-06
1.8125311653388634e-08,-2.0000000000054696e-07,1.0,False,-2.0000000000054696e-07,-8.699999999993435e-06
4.0535840758377136e-09,-9.999999999940612e-08,1.0,False,-9.999999999940612e-08,-8.799999999992841e-06
1.4419177641194152e-08,-1.0000000000114084e-07,1.0,False,-1.0000000000114084e-07,-8.899999999993982e-06
-7.418058858783015e-08,0.0,-1.0,False,-0.0,-8.899999999993982e-06
-6.740531234678713e-08,-9.999999999940612e-08,-1.0,False,9.999999999940612e-08,-8.799999999994576e-06
-8.582016571987845e-08,0.0,-1.0,False,-0.0,-8.799999999994576e-06
-1.8067403309448093e-08,0.0,-1.0,False,-0.0,-8.799999999994576e-06
-3.7235065153766424e-08,0.0,-1.0,False,-0.0,-8.799999999994576e-06
-1.968883693978318e-09,0.0,-1.0,False,-0.0,-8.799999999994576e-06
1.0110796852018068e-07,-9.999999999940612e-08,1.0,False,-9.999999999940612e-08,-8.899999999993982e-06
8.564644068805683e-08,0.0,1.0,False,0.0,-8.899999999993982e-06
1.0510364425207786e-07,0.0,1.0,False,0.0,-8.899999999993982e-06
2.536385464595598e-07,0.0,1.0,False,0.0,-8.899999999993982e-06
2.1651929799367444e-07,0.0,1.0,False,0.0,-8.899999999993982e-06
2.484267955049113e-07,-1.0000000000114084e-07,1.0,False,-1.0000000000114084e-07,-8.999999999995123e-06
1.6289617150473554e-07,0.0,1.0,False,0.0,-8.999999999995123e-06
1.1089447864613174e-07,-9.999999999940612e-08,1.0,False,-9.999999999940612e-08,-9.099999999994529e-06
-5.6171093622322604e-08,-9.999999999940612e-08,-1.0,False,9.999999999940612e-08,-8.999999999995123e-06
-9.479595903066196e-08,0.0,-1.0,False,-0.0,-8.999999999995123e-06
-2.634829649294514e-07,0.0,-1.0,False,-0.0,-8.999999999995123e-06
-2.776126008509428e-07,0.0,-1.0,False,-0.0,-8.999999999995123e-06
-3.6835497580576707e-07,0.0,-1.0,False,-0.0,-8.999999999995123e-06
-3.209859504624064e-07,0.0,-1.0,False,-0.0,-8.999999999995123e-06
-3.419487709688814e-07,0.0,-1.0,False,-0.0,-8.999999999995123e-06
-3.5092456427966493e-07,0.0,-1.0,False,-0.0,-8.999999999995123e-06
-3.5092456427966493e-07,7.999999999987184e-07,-1.0,False,-7.999999999987184e-07,-9.799999999993841e-06
-3.714241180346156e-07,0.0,-1.0,False,-0.0,-9.799999999993841e-06
-2.800447512964455e-07,1.0000000000114084e-07,-1.0,False,-1.0000000000114084e-07,-9.899999999994982e-06
1.7025053118518398e-07,0.0,1.0,False,0.0,-9.899999999994982e-06
1.1929118851750987e-07,9.999999999940612e-08,1.0,False,9.999999999940612e-08,-9.799999999995576e-06
1.0985212845520204e-07,-9.999999999940612e-08,1.0,False,-9.999999999940612e-08,-9.899999999994982e-06
9.346406712002957e-08,0.0,1.0,False,0.0,-9.899999999994982e-06
1.0481410253237516e-07,9.999999999940612e-08,1.0,False,9.999999999940612e-08,-9.799999999995576e-06
-1.4129635921491459e-08,0.0,-1.0,False,-0.0,-9.799999999995576e-06
3.995675731897175e-08,0.0,1.0,False,0.0,-9.799999999995576e-06
7.11114463589816e-08,0.0,1.0,False,0.0,-9.799999999995576e-06
1.6052192940317346e-07,0.0,1.0,False,0.0,-9.799999999995576e-06
2.4686327021851674e-07,0.0,1.0,False,0.0,-9.799999999995576e-06
1.592479458364816e-07,0.0,1.0,False,0.0,-9.799999999995576e-06
1.9798862793270203e-07,0.0,1.0,False,0.0,-9.799999999995576e-06
2.741960085584511e-07,2.0000000000054696e-07,1.0,False,2.0000000000054696e-07,-9.59999999999503e-06
3.5243018122211894e-07,3.999999999993592e-07,1.0,False,3.999999999993592e-07,-9.19999999999567e-06
4.382503469419974e-07,0.0,1.0,False,0.0,-9.19999999999567e-06
4.570705587226725e-07,4.000000000010939e-07,1.0,False,4.000000000010939e-07,-8.799999999994576e-06
7.690228075303548e-07,2.999999999999531e-07,1.0,False,2.999999999999531e-07,-8.499999999994623e-06
5.472338502380913e-07,0.0,1.0,False,0.0,-8.499999999994623e-06
7.743503751728843e-07,0.0,1.0,False,0.0,-8.499999999994623e-06
7.707021495046304e-07,9.999999999940612e-08,1.0,False,9.999999999940612e-08,-8.399999999995217e-06
5.136470107525788e-07,5.000000000005e-07,1.0,False,5.000000000005e-07,-7.899999999994717e-06
4.039686073291984e-07,1.9999999999881224e-07,1.0,False,1.9999999999881224e-07,-7.699999999995905e-06
2.1339224742088536e-07,1.0000000000114084e-07,1.0,False,1.0000000000114084e-07,-7.599999999994764e-06
4.0113109847611204e-07,4.999999999987653e-07,1.0,False,4.999999999987653e-07,-7.099999999995998e-06
1.7801024927321616e-07,0.0,1.0,False,0.0,-7.099999999995998e-06
9.253753361698095e-08,0.0,1.0,False,0.0,-7.099999999995998e-06
1.389221171133525e-07,0.0,1.0,False,0.0,-7.099999999995998e-06
-9.149518342605125e-08,0.0,-1.0,False,-0.0,-7.099999999995998e-06
-1.670076639245138e-07,0.0,-1.0,False,-0.0,-7.099999999995998e-06
-6.27378998251797e-07,0.0,-1.0,False,-0.0,-7.099999999995998e-06
-6.664671304116606e-07,0.0,-1.0,False,-0.0,-7.099999999995998e-06
-7.542561798255175e-07,-9.999999999940612e-08,-1.0,False,9.999999999940612e-08,-6.999999999996592e-06
-8.820598949022865e-07,0.0,-1.0,False,-0.0,-6.999999999996592e-06
-1.0284521883839685e-06,0.0,-1.0,False,-0.0,-6.999999999996592e-06
-1.1590934123138239e-06,0.0,-1.0,False,-0.0,-6.999999999996592e-06
-1.2662817569477612e-06,0.0,-1.0,False,-0.0,-6.999999999996592e-06
-1.545168341365396e-06,0.0,-1.0,False,-0.0,-6.999999999996592e-06
-1.4692505024593496e-06,0.0,-1.0,False,-0.0,-6.999999999996592e-06
-1.3888737210698817e-06,9.999999999940612e-08,-1.0,False,-9.999999999940612e-08,-7.099999999995998e-06
-1.2613016393688748e-06,0.0,-1.0,False,-0.0,-7.099999999995998e-06
-1.2602013808340047e-06,0.0,-1.0,False,-0.0,-7.099999999995998e-06
-1.2917035199376577e-06,0.0,-1.0,False,-0.0,-7.099999999995998e-06
-1.1493648105318134e-06,0.0,-1.0,False,-0.0,-7.099999999995998e-06
-1.3726014764225903e-06,0.0,-1.0,False,-0.0,-7.099999999995998e-06
-1.4185227931674375e-06,0.0,-1.0,False,-0.0,-7.099999999995998e-06
-1.428135578261567e-06,0.0,-1.0,False,-0.0,-7.099999999995998e-06
-1.5143611023890293e-06,0.0,-1.0,False,-0.0,-7.099999999995998e-06
-1.307107139425841e-06,-9.999999999940612e-08,-1.0,False,9.999999999940612e-08,-6.999999999996592e-06
-1.5309228887560233e-06,-8.999999999998592e-07,-1.0,False,8.999999999998592e-07,-6.099999999996733e-06
-1.322916117321608e-06,-9.999999999992654e-07,-1.0,False,9.999999999992654e-07,-5.099999999997468e-06
-1.6151216208455666e-06,0.0,-1.0,False,-0.0,-5.099999999997468e-06
-1.807435231072096e-06,0.0,-1.0,False,-0.0,-5.099999999997468e-06
-1.8587999321473537e-06,9.999999999940612e-08,-1.0,False,-9.999999999940612e-08,-5.199999999996874e-06
-1.7018104117245532e-06,-9.999999999940612e-08,-1.0,False,9.999999999940612e-08,-5.099999999997468e-06
-1.516793252834532e-06,0.0,-1.0,False,-0.0,-5.099999999997468e-06
-1.3721961180150065e-06,0.0,-1.0,False,-0.0,-5.099999999997468e-06
-1.1215108970964142e-06,0.0,-1.0,False,-0.0,-5.099999999997468e-06
-1.1594987707214076e-06,0.0,-1.0,False,-0.0,-5.099999999997468e-06
-1.1830095583612664e-06,0.0,-1.0,False,-0.0,-5.099999999997468e-06
-1.1811564913551692e-06,0.0,-1.0,False,-0.0,-5.099999999997468e-06
-1.0111375935457474e-06,9.999999999940612e-08,-1.0,False,-9.999999999940612e-08,-5.199999999996874e-06
-7.430798694449935e-07,0.0,-1.0,False,-0.0,-5.199999999996874e-06
-5.205960120254435e-07,0.0,-1.0,False,-0.0,-5.199999999996874e-06
-1.0710148211802646e-06,0.0,-1.0,False,-0.0,-5.199999999996874e-06
-7.829208100760842e-07,0.0,-1.0,False,-0.0,-5.199999999996874e-06
-7.474809035844743e-07,-9.999999999940612e-08,-1.0,False,9.999999999940612e-08,-5.099999999997468e-06
-4.0669029949440373e-07,0.0,-1.0,False,-0.0,-5.099999999997468e-06
-5.338570227878269e-07,0.0,-1.0,False,-0.0,-5.099999999997468e-06
5.2696592985890275e-09,0.0,1.0,False,0.0,-5.099999999997468e-06
7.817626431972733e-08,0.0,1.0,False,0.0,-5.099999999997468e-06
2.940006621861153e-07,0.0,1.0,False,0.0,-5.099999999997468e-06
7.025440286866163e-07,0.0,1.0,False,0.0,-5.099999999997468e-06
5.49029008900248e-07,0.0,1.0,False,0.0,-5.099999999997468e-06
8.427980377106012e-07,0.0,1.0,False,0.0,-5.099999999997468e-06
8.794540194249622e-07,0.0,1.0,False,0.0,-5.099999999997468e-06
1.0552637516284379e-06,0.0,1.0,False,0.0,-5.099999999997468e-06
1.151565327601554e-06,0.0,1.0,False,0.0,-5.099999999997468e-06
1.1184417548675657e-06,0.0,1.0,False,0.0,-5.099999999997468e-06
1.2423656109003187e-06,0.0,1.0,False,0.0,-5.099999999997468e-06
9.24680436042523e-07,0.0,1.0,False,0.0,-5.099999999997468e-06
1.2280622499470056e-06,0.0,1.0,False,0.0,-5.099999999997468e-06
7.02080761935092e-07,0.0,1.0,False,0.0,-5.099999999997468e-06
1.8897229878116015e-06,0.0,1.0,False,0.0,-5.099999999997468e-06
1.8532986394730026e-06,0.0,1.0,False,0.0,-5.099999999997468e-06
1.875361718514348e-06,0.0,1.0,False,0.0,-5.099999999997468e-06
1.867196642018732e-06,0.0,1.0,False,0.0,-5.099999999997468e-06
1.7182563814036662e-06,0.0,1.0,False,0.0,-5.099999999997468e-06
1.7158242309581636e-06,0.0,1.0,False,0.0,-5.099999999997468e-06
1.6436125260643118e-06,0.0,1.0,False,0.0,-5.099999999997468e-06
9.804461712572617e-07,0.0,1.0,False,0.0,-5.099999999997468e-06
8.832180617810972e-07,0.0,1.0,False,0.0,-5.099999999997468e-06
7.904488947883541e-07,0.0,1.0,False,0.0,-5.099999999997468e-06
7.356096930766639e-07,0.0,1.0,False,0.0,-5.099999999997468e-06
5.814576815069497e-07,0.0,1.0,False,0.0,-5.099999999997468e-06
3.689340592451725e-07,0.0,1.0,False,0.0,-5.099999999997468e-06
3.0789866473184464e-07,0.0,1.0,False,0.0,-5.099999999997468e-06
1.375902252027201e-07,0.0,1.0,False,0.0,-5.099999999997468e-06
6.804230413013305e-08,9.999999999940612e-08,1.0,False,9.999999999940612e-08,-4.9999999999980616e-06
-1.5629462029551413e-07,0.0,-1.0,False,-0.0,-4.9999999999980616e-06
-4.128864922960414e-07,0.0,-1.0,False,-0.0,-4.9999999999980616e-06
-4.009573734442904e-07,0.0,-1.0,False,-0.0,-4.9999999999980616e-06
-5.251707711967461e-07,0.0,-1.0,False,-0.0,-4.9999999999980616e-06
-6.821023832756062e-07,0.0,-1.0,False,-0.0,-4.9999999999980616e-06
-8.65671833567114e-07,0.0,-1.0,False,-0.0,-4.9999999999980616e-06
-1.0154807193412879e-06,5.999999999999062e-07,-1.0,False,-5.999999999999062e-07,-5.599999999997968e-06
-1.1795929660687746e-06,0.0,-1.0,False,-0.0,-5.599999999997968e-06
-1.1826041999536827e-06,0.0,-1.0,False,-0.0,-5.599999999997968e-06
-1.1230165140388683e-06,1.2999999999992184e-06,-1.0,False,-1.2999999999992184e-06,-6.899999999997186e-06
-1.0974210260171502e-06,0.0,-1.0,False,-0.0,-6.899999999997186e-06
-1.0879819659548424e-06,0.0,-1.0,False,-0.0,-6.899999999997186e-06
-3.2677678485646026e-07,0.0,-1.0,False,-0.0,-6.899999999997186e-06
-3.058139643499852e-07,0.0,-1.0,False,-0.0,-6.899999999997186e-06
-4.213411105113601e-07,0.0,-1.0,False,-0.0,-6.899999999997186e-06
-4.0234717369886334e-07,0.0,-1.0,False,-0.0,-6.899999999997186e-06
5.397636738697619e-07,5.000000000005e-07,1.0,False,5.000000000005e-07,-6.399999999996686e-06
1.6590740538964356e-07,0.0,1.0,False,0.0,-6.399999999996686e-06
1.077095197294021e-07,2.0000000000054696e-07,1.0,False,2.0000000000054696e-07,-6.199999999996139e-06
2.470949035942789e-07,9.999999999940612e-08,1.0,False,9.999999999940612e-08,-6.099999999996733e-06
9.514340909430519e-08,0.0,1.0,False,0.0,-6.099999999996733e-06
1.8472761717031866e-07,0.0,1.0,False,0.0,-6.099999999996733e-06
1.9810444462058312e-07,0.0,1.0,False,0.0,-6.099999999996733e-06
6.312009489518726e-08,0.0,1.0,False,0.0,-6.099999999996733e-06
6.00509526663387e-08,0.0,1.0,False,0.0,-6.099999999996733e-06
7.336987177266262e-08,0.0,1.0,False,0.0,-6.099999999996733e-06
-2.0789095474653417e-08,0.0,-1.0,False,-0.0,-6.099999999996733e-06
-8.431454877742444e-08,7.00000000001047e-07,-1.0,False,-7.00000000001047e-07,-6.79999999999778e-06
-1.8235337506875658e-07,1.9999999999881224e-07,-1.0,False,-1.9999999999881224e-07,-6.999999999996592e-06
-4.4178275592237025e-07,1.0000000000114084e-07,-1.0,False,-1.0000000000114084e-07,-7.099999999997733e-06
-2.5537579677777594e-08,0.0,-1.0,False,-0.0,-7.099999999997733e-06
-9.763346788374836e-08,-1.0000000000114084e-07,-1.0,False,1.0000000000114084e-07,-6.999999999996592e-06
-2.579816722551002e-07,0.0,-1.0,False,-0.0,-6.999999999996592e-06
-1.8409062538697274e-07,1.0000000000114084e-07,-1.0,False,-1.0000000000114084e-07,-7.099999999997733e-06
-5.084352597979303e-07,-1.0000000000114084e-07,-1.0,False,1.0000000000114084e-07,-6.999999999996592e-06
-4.223255523583492e-07,0.0,-1.0,False,-0.0,-6.999999999996592e-06
-7.146468725701889e-07,-8.999999999998592e-07,-1.0,False,8.999999999998592e-07,-6.099999999996733e-06
-8.473727968819037e-07,-9.999999999940612e-08,-1.0,False,9.999999999940612e-08,-5.999999999997327e-06
-1.0672507788241295e-06,9.999999999940612e-08,-1.0,False,-9.999999999940612e-08,-6.099999999996733e-06
-1.6814266746574836e-06,0.0,-1.0,False,-0.0,-6.099999999996733e-06
-1.57892890588273e-06,0.0,-1.0,False,-0.0,-6.099999999996733e-06
-1.8975406142435743e-06,0.0,0.0,True,0.0,-6.099999999996733e-06
-1.6884335842742888e-06,0.0,-1.0,False,-0.0,-6.099999999996733e-06
-1.6108943117379073e-06,0.0,-1.0,False,-0.0,-6.099999999996733e-06
-1.5631778363309034e-06,0.0,-1.0,False,-0.0,-6.099999999996733e-06
-1.4918347565961597e-06,0.0,-1.0,False,-0.0,-6.099999999996733e-06
-1.4376325466678153e-06,0.0,-1.0,False,-0.0,-6.099999999996733e-06
-1.465544368447155e-06,1.0000000000114084e-07,-1.0,False,-1.0000000000114084e-07,-6.199999999997874e-06
-1.5766125721251084e-06,-1.0000000000114084e-07,-1.0,False,1.0000000000114084e-07,-6.099999999996733e-06
-1.2906032614027875e-06,-9.999999999940612e-08,-1.0,False,9.999999999940612e-08,-5.999999999997327e-06
-1.2280043416030651e-06,-1.000000000001e-06,-1.0,False,1.000000000001e-06,-4.999999999996327e-06
-1.3356559529885267e-06,-4.999999999987653e-07,-1.0,False,4.999999999987653e-07,-4.4999999999975615e-06
-1.2736361166282095e-06,9.999999999940612e-08,-1.0,False,-9.999999999940612e-08,-4.599999999996968e-06
-1.4994786579963108e-06,-9.999999999940612e-08,-1.0,False,9.999999999940612e-08,-4.4999999999975615e-06
-5.010809001174819e-07,-2.0000000000054696e-07,-1.0,False,2.0000000000054696e-07,-4.2999999999970145e-06
-1.54238874085625e-06,0.0,-1.0,False,-0.0,-4.2999999999970145e-06
-5.16137069542022e-07,0.0,-1.0,False,-0.0,-4.2999999999970145e-06
-8.006986716658295e-07,0.0,-1.0,False,-0.0,-4.2999999999970145e-06
-6.549433699674935e-07,-8.000000000004531e-07,-1.0,False,8.000000000004531e-07,-3.4999999999965614e-06
-7.404160856237286e-07,-1.9999999999881224e-07,-1.0,False,1.9999999999881224e-07,-3.299999999997749e-06
-7.257652746067724e-07,9.999999999940612e-08,-1.0,False,-9.999999999940612e-08,-3.3999999999971553e-06
-9.370149133018577e-07,0.0,-1.0,False,-0.0,-3.3999999999971553e-06
-8.729682849036219e-07,0.0,-1.0,False,-0.0,-3.3999999999971553e-06
-9.03717615536048e-07,2.0000000000054696e-07,-1.0,False,-2.0000000000054696e-07,-3.5999999999977023e-06
-6.093695032862895e-07,1.3999999999986246e-06,-1.0,False,-1.3999999999986246e-06,-4.999999999996327e-06
-5.928656252632359e-07,1.0000000000114084e-07,-1.0,False,-1.0000000000114084e-07,-5.099999999997468e-06
-5.189745783951084e-07,0.0,-1.0,False,-0.0,-5.099999999997468e-06
-2.865304858177858e-07,-1.0000000000114084e-07,-1.0,False,1.0000000000114084e-07,-4.999999999996327e-06
-7.400686355600855e-08,-7.999999999987184e-07,-1.0,False,7.999999999987184e-07,-4.1999999999976084e-06
3.446125547901462e-07,0.0,1.0,False,0.0,-4.1999999999976084e-06
1.690923643063732e-07,0.0,1.0,False,0.0,-4.1999999999976084e-06
2.2248385741954993e-07,0.0,1.0,False,0.0,-4.1999999999976084e-06
2.009419534736695e-08,-8.000000000004531e-07,1.0,False,-8.000000000004531e-07,-4.9999999999980616e-06
-9.670693438069974e-09,9.999999999992654e-07,-1.0,False,-9.999999999992654e-07,-5.999999999997327e-06
7.418058858783015e-08,0.0,1.0,False,0.0,-5.999999999997327e-06
1.2528470211535562e-06,0.0,1.0,False,0.0,-5.999999999997327e-06
1.449735390551388e-06,7.00000000001047e-07,1.0,False,7.00000000001047e-07,-5.29999999999628e-06
1.756591705092303e-06,8.999999999998592e-07,1.0,False,8.999999999998592e-07,-4.399999999996421e-06
1.8974827058996338e-06,1.1000000000004062e-06,0.0,True,0.0,-4.399999999996421e-06
1.4569739335439554e-06,0.0,1.0,False,0.0,-4.399999999996421e-06
1.8974827058996338e-06,0.0,0.0,True,0.0,-4.399999999996421e-06
1.8974827058996338e-06,1.9999999999881224e-07,0.0,True,0.0,-4.399999999996421e-06
1.8974827058996338e-06,2.999999999999531e-07,0.0,True,0.0,-4.399999999996421e-06
1.8974827058996338e-06,5.000000000005e-07,0.0,True,0.0,-4.399999999996421e-06
1.8903599795949474e-06,0.0,1.0,False,0.0,-4.399999999996421e-06
1.8755354435461696e-06,2.999999999999531e-07,1.0,False,2.999999999999531e-07,-4.099999999996468e-06
1.2599118391143019e-06,9.999999999940612e-08,1.0,False,9.999999999940612e-08,-3.9999999999970615e-06
3.4675516351594613e-07,2.0000000000054696e-07,1.0,False,2.0000000000054696e-07,-3.7999999999965145e-06
6.241361309911268e-07,0.0,1.0,False,0.0,-3.7999999999965145e-06
8.078213979705157e-08,2.999999999999531e-07,1.0,False,2.999999999999531e-07,-3.4999999999965614e-06
2.2236804073166887e-07,9.999999999940612e-08,1.0,False,9.999999999940612e-08,-3.3999999999971553e-06
-1.88202117806751e-08,1.0000000000114084e-07,-1.0,False,-1.0000000000114084e-07,-3.499999999998296e-06
1.4587111838621714e-07,0.0,1.0,False,0.0,-3.499999999998296e-06
-2.574025888156948e-07,0.0,-1.0,False,-0.0,-3.499999999998296e-06
-5.787359893417444e-07,9.999999999940612e-08,-1.0,False,-9.999999999940612e-08,-3.5999999999977023e-06
-4.354707464328515e-07,0.0,-1.0,False,-0.0,-3.5999999999977023e-06
-7.970504459975756e-07,2.0000000000054696e-07,-1.0,False,-2.0000000000054696e-07,-3.7999999999982492e-06
-6.189822883804188e-07,0.0,-1.0,False,-0.0,-3.7999999999982492e-06
-6.754429237224441e-07,8.999999999998592e-07,-1.0,False,-8.999999999998592e-07,-4.6999999999981085e-06
-1.2040302872116821e-06,9.999999999940612e-08,-1.0,False,-9.999999999940612e-08,-4.799999999997515e-06
-8.791644777052595e-07,1.0000000000114084e-07,-1.0,False,-1.0000000000114084e-07,-4.8999999999986554e-06
-1.3423733208856291e-06,9.999999999940612e-08,-1.0,False,-9.999999999940612e-08,-4.9999999999980616e-06
-5.81168139787247e-07,2.999999999999531e-07,-1.0,False,-2.999999999999531e-07,-5.299999999998015e-06
-1.1313553155663058e-06,0.0,-1.0,False,-0.0,-5.299999999998015e-06
-8.855343955387187e-07,0.0,-1.0,False,-0.0,-5.299999999998015e-06
-1.295293837261971e-06,2.0000000000054696e-07,-1.0,False,-2.0000000000054696e-07,-5.499999999998562e-06
-1.5895261328238485e-06,9.999999999940612e-08,-1.0,False,-9.999999999940612e-08,-5.599999999997968e-06
-1.5619038527642116e-06,2.0000000000054696e-07,-1.0,False,-2.0000000000054696e-07,-5.799999999998515e-06
-1.8975406142435743e-06,0.0,0.0,True,0.0,-5.799999999998515e-06
-1.8975406142435743e-06,1.9999999999881224e-07,0.0,True,0.0,-5.799999999998515e-06
-1.8975406142435743e-06,0.0,0.0,True,0.0,-5.799999999998515e-06
-1.8975406142435743e-06,5.000000000005e-07,0.0,True,0.0,-5.799999999998515e-06
-1.8864222122069909e-06,9.999999999940612e-08,-1.0,False,-9.999999999940612e-08,-5.899999999997921e-06
-1.8424697791561218e-06,1.0000000000114084e-07,-1.0,False,-1.0000000000114084e-07,-5.999999999999062e-06
-1.8482606135501758e-06,1.9999999999881224e-07,-1.0,False,-1.9999999999881224e-07,-6.199999999997874e-06
-1.8737981932279534e-06,1.0000000000114084e-07,-1.0,False,-1.0000000000114084e-07,-6.299999999999015e-06
-1.8920972299131636e-06,-5.999999999999062e-07,-1.0,False,5.999999999999062e-07,-5.6999999999991086e-06
-1.8975406142435743e-06,6.999999999993123e-07,0.0,True,0.0,-5.6999999999991086e-06
-1.8975406142435743e-06,9.999999999940612e-08,0.0,True,0.0,-5.6999999999991086e-06
-1.8975406142435743e-06,0.0,0.0,True,0.0,-5.6999999999991086e-06
-1.8975406142435743e-06,0.0,0.0,True,0.0,-5.6999999999991086e-06
-1.8930816717601528e-06,0.0,-1.0,False,-0.0,-5.6999999999991086e-06
-1.8975406142435743e-06,0.0,0.0,True,0.0,-5.6999999999991086e-06
-1.8975406142435743e-06,0.0,0.0,True,0.0,-5.6999999999991086e-06
-1.8975406142435743e-06,0.0,0.0,True,0.0,-5.6999999999991086e-06
-1.7890782860429452e-06,2.999999999999531e-07,-1.0,False,-2.999999999999531e-07,-5.999999999999062e-06
-1.8184957247647388e-06,1.0000000000114084e-07,-1.0,False,-1.0000000000114084e-07,-6.1000000000002025e-06
-1.3762497020908442e-06,1.9999999999881224e-07,-1.0,False,-1.9999999999881224e-07,-6.299999999999015e-06
-8.362543948453203e-07,1.0000000000114084e-07,-1.0,False,-1.0000000000114084e-07,-6.4000000000001556e-06
-4.897308647051364e-07,9.999999999940612e-08,-1.0,False,-9.999999999940612e-08,-6.499999999999562e-06
-1.0393968653887302e-06,0.0,-1.0,False,-0.0,-6.499999999999562e-06
-1.003667417177418e-06,1.0000000000114084e-07,-1.0,False,-1.0000000000114084e-07,-6.6000000000007025e-06
-3.6638609211178876e-07,4.999999999987653e-07,-1.0,False,-4.999999999987653e-07,-7.099999999999468e-06
-4.363393715919596e-07,0.0,-1.0,False,-0.0,-7.099999999999468e-06
4.723583615229747e-07,-9.999999999940612e-08,1.0,False,-9.999999999940612e-08,-7.199999999998874e-06
8.184765332555749e-07,0.0,1.0,False,0.0,-7.199999999998874e-06
9.829941383906455e-07,0.0,1.0,False,0.0,-7.199999999998874e-06
6.647298800934445e-07,0.0,1.0,False,0.0,-7.199999999998874e-06
1.4540785163469284e-06,-1.000000000001e-06,1.0,False,-1.000000000001e-06,-8.199999999999874e-06
7.895223612853055e-07,0.0,1.0,False,0.0,-8.199999999999874e-06
8.436666628697092e-07,7.00000000001047e-07,1.0,False,7.00000000001047e-07,-7.499999999998827e-06
1.1492489938439323e-06,3.999999999993592e-07,1.0,False,3.999999999993592e-07,-7.099999999999468e-06
9.121722337513666e-07,0.0,1.0,False,0.0,-7.099999999999468e-06
7.303979421220155e-07,1.0000000000114084e-07,1.0,False,1.0000000000114084e-07,-6.999999999998327e-06
2.6284597314610546e-07,0.0,1.0,False,0.0,-6.999999999998327e-06
1.8472761717031865e-08,2.999999999999531e-07,1.0,False,2.999999999999531e-07,-6.699999999998374e-06
1.9607765258266425e-07,0.0,1.0,False,0.0,-6.699999999998374e-06
6.792648744225197e-08,1.9999999999881224e-07,1.0,False,1.9999999999881224e-07,-6.499999999999562e-06
3.4258576275222733e-07,1.0000000000114084e-07,1.0,False,1.0000000000114084e-07,-6.399999999998421e-06
-3.2706632657616297e-07,2.999999999999531e-07,-1.0,False,-2.999999999999531e-07,-6.699999999998374e-06
-3.0019685498775294e-07,9.999999999940612e-08,-1.0,False,-9.999999999940612e-08,-6.79999999999778e-06
-2.8259271842982915e-07,2.0000000000054696e-07,-1.0,False,-2.0000000000054696e-07,-6.999999999998327e-06
-2.923792285557802e-07,1.9999999999881224e-07,-1.0,False,-1.9999999999881224e-07,-7.199999999997139e-06
-2.46457911810933e-07,0.0,-1.0,False,-0.0,-7.199999999997139e-06
-8.477781552894875e-08,0.0,-1.0,False,-0.0,-7.199999999997139e-06
-5.744507718901445e-08,0.0,-1.0,False,-0.0,-7.199999999997139e-06
-1.458132100422766e-07,2.0000000000054696e-07,-1.0,False,-2.0000000000054696e-07,-7.399999999997686e-06
1.2705090660554205e-07,0.0,1.0,False,0.0,-7.399999999997686e-06
-1.3614251660420665e-07,9.999999999940612e-08,-1.0,False,-9.999999999940612e-08,-7.499999999997092e-06
1.6851328086696782e-07,2.0000000000054696e-07,1.0,False,2.0000000000054696e-07,-7.299999999996545e-06
-6.891092928924113e-09,2.0000000000054696e-07,-1.0,False,-2.0000000000054696e-07,-7.499999999997092e-06
-5.1827967826782195e-08,1.9999999999881224e-07,-1.0,False,-1.9999999999881224e-07,-7.699999999995905e-06
5.976141094663601e-08,4.000000000010939e-07,1.0,False,4.000000000010939e-07,-7.299999999994811e-06
1.9491948570385347e-07,9.999999999940612e-08,1.0,False,9.999999999940612e-08,-7.1999999999954045e-06
-6.426668010520993e-07,0.0,-1.0,False,-0.0,-7.1999999999954045e-06
-4.394664221647487e-07,5.000000000005e-07,-1.0,False,-5.000000000005e-07,-7.699999999995905e-06
-6.250047561502349e-07,2.0000000000054696e-07,-1.0,False,-2.0000000000054696e-07,-7.899999999996452e-06
-4.776280208215637e-07,0.0,-1.0,False,-0.0,-7.899999999996452e-06
-6.960582941652759e-07,0.0,-1.0,False,-0.0,-7.899999999996452e-06
-5.704550961582474e-07,1.9999999999881224e-07,-1.0,False,-1.9999999999881224e-07,-8.099999999995264e-06
-9.688645024691541e-07,0.0,-1.0,False,-0.0,-8.099999999995264e-06
-9.993242913818774e-07,0.0,-1.0,False,-0.0,-8.099999999995264e-06
-1.1738600400186614e-06,-1.9999999999881224e-07,-1.0,False,1.9999999999881224e-07,-7.899999999996452e-06
-1.4083888329778433e-06,0.0,-1.0,False,-0.0,-7.899999999996452e-06
-1.4993628413084297e-06,3.999999999993592e-07,-1.0,False,-3.999999999993592e-07,-8.29999999999581e-06
-1.8491292387092838e-06,0.0,-1.0,False,-0.0,-8.29999999999581e-06
-1.5681579539097897e-06,0.0,-1.0,False,-0.0,-8.29999999999581e-06
-1.8907653380025312e-06,0.0,-1.0,False,-0.0,-8.29999999999581e-06
-1.855788698262446e-06,9.999999999940612e-08,-1.0,False,-9.999999999940612e-08,-8.399999999995217e-06
-1.881731636347807e-06,0.0,-1.0,False,-0.0,-8.399999999995217e-06
-1.8975406142435743e-06,1.0000000000114084e-07,0.0,True,0.0,-8.399999999995217e-06
-1.8713660427824508e-06,0.0,-1.0,False,-0.0,-8.399999999995217e-06
-1.2289308751061136e-06,2.999999999999531e-07,-1.0,False,-2.999999999999531e-07,-8.69999999999517e-06
-1.620622913519918e-06,0.0,-1.0,False,-0.0,-8.69999999999517e-06
-1.5920161916132918e-06,0.0,-1.0,False,-0.0,-8.69999999999517e-06
-1.4495037571756257e-06,0.0,-1.0,False,-0.0,-8.69999999999517e-06
-1.1125351037856308e-06,0.0,-1.0,False,-0.0,-8.69999999999517e-06
-1.3259852595504567e-06,9.999999999940612e-08,-1.0,False,-9.999999999940612e-08,-8.799999999994576e-06
-1.1866577840295203e-06,0.0,-1.0,False,-0.0,-8.799999999994576e-06
-1.0792957143637616e-06,9.999999999940612e-08,-1.0,False,-9.999999999940612e-08,-8.899999999993982e-06
-7.777090591214356e-07,0.0,-1.0,False,-0.0,-8.899999999993982e-06
-8.791644777052595e-07,0.0,-1.0,False,-0.0,-8.899999999993982e-06
-7.454541115465555e-07,4.000000000010939e-07,-1.0,False,-4.000000000010939e-07,-9.299999999995076e-06
-7.644480483590522e-07,2.999999999999531e-07,-1.0,False,-2.999999999999531e-07,-9.59999999999503e-06
-6.774118074164225e-07,2.999999999999531e-07,-1.0,False,-2.999999999999531e-07,-9.899999999994982e-06
-3.154846577880552e-07,0.0,-1.0,False,-0.0,-9.899999999994982e-06
8.639924915928384e-08,0.0,1.0,False,0.0,-9.899999999994982e-06
3.695710510285184e-07,0.0,1.0,False,0.0,-9.899999999994982e-06
-2.2132569054073916e-07,0.0,-1.0,False,-0.0,-9.899999999994982e-06
7.261706330143561e-08,0.0,1.0,False,0.0,-9.899999999994982e-06
8.524108228047307e-08,9.999999999940612e-08,1.0,False,9.999999999940612e-08,-9.799999999995576e-06
5.4607568335928055e-08,2.0000000000054696e-07,1.0,False,2.0000000000054696e-07,-9.59999999999503e-06
1.355055248208607e-07,9.999999999940612e-08,1.0,False,9.999999999940612e-08,-9.499999999995623e-06
4.4056668069961894e-07,0.0,1.0,False,0.0,-9.499999999995623e-06
3.476237886750542e-07,9.999999999940612e-08,1.0,False,9.999999999940612e-08,-9.399999999996217e-06
5.980194678739438e-07,1.0000000000114084e-07,1.0,False,1.0000000000114084e-07,-9.299999999995076e-06
1.410068174952119e-07,0.0,1.0,False,0.0,-9.299999999995076e-06
-4.597922508878778e-08,1.9999999999881224e-07,-1.0,False,-1.9999999999881224e-07,-9.499999999993888e-06
2.122919888860151e-07,0.0,1.0,False,0.0,-9.499999999993888e-06
2.769177007236564e-07,1.0000000000114084e-07,1.0,False,1.0000000000114084e-07,-9.399999999992747e-06
5.826158483857605e-07,0.0,1.0,False,0.0,-9.399999999992747e-06
5.719607131007014e-07,9.999999999940612e-08,1.0,False,9.999999999940612e-08,-9.299999999993341e-06
5.577731688352694e-07,2.0000000000054696e-07,1.0,False,2.0000000000054696e-07,-9.099999999992794e-06
5.416746492197996e-07,0.0,1.0,False,0.0,-9.099999999992794e-06
6.028258604210086e-07,0.0,1.0,False,0.0,-9.099999999992794e-06
5.442226163531833e-07,0.0,1.0,False,0.0,-9.099999999992794e-06
5.687178458400313e-07,0.0,1.0,False,0.0,-9.099999999992794e-06
4.1416047586273326e-07,9.999999999940612e-08,1.0,False,9.999999999940612e-08,-8.999999999993388e-06
3.4264367109616786e-07,0.0,1.0,False,0.0,-8.999999999993388e-06
4.4519934821486204e-07,2.0000000000054696e-07,1.0,False,2.0000000000054696e-07,-8.799999999992841e-06
4.5481213330899147e-07,9.999999999940612e-08,1.0,False,9.999999999940612e-08,-8.699999999993435e-06
4.3072226222972733e-07,0.0,1.0,False,0.0,-8.699999999993435e-06
4.0338952388979305e-07,1.0000000000114084e-07,1.0,False,1.0000000000114084e-07,-8.599999999992294e-06
5.764775639280634e-07,9.999999999940612e-08,1.0,False,9.999999999940612e-08,-8.499999999992888e-06
5.593946024656045e-07,9.999999999940612e-08,1.0,False,9.999999999940612e-08,-8.399999999993482e-06
3.710766679709724e-07,1.0000000000114084e-07,1.0,False,1.0000000000114084e-07,-8.299999999992341e-06
2.1860399837553384e-07,2.999999999999531e-07,1.0,False,2.999999999999531e-07,-7.999999999992388e-06
1.416438092785578e-07,1.9999999999881224e-07,1.0,False,1.9999999999881224e-07,-7.799999999993576e-06
-1.679341974275624e-08,0.0,-1.0,False,-0.0,-7.799999999993576e-06
-9.340615877608903e-08,0.0,-1.0,False,-0.0,-7.799999999993576e-06
1.371269584511958e-07,0.0,1.0,False,0.0,-7.799999999993576e-06
-4.493108406346403e-07,0.0,-1.0,False,-0.0,-7.799999999993576e-06
-5.719028047567608e-07,0.0,-1.0,False,-0.0,-7.799999999993576e-06
-5.692969292794366e-07,0.0,-1.0,False,-0.0,-7.799999999993576e-06
-5.626953780702152e-07,2.0000000000054696e-07,-1.0,False,-2.0000000000054696e-07,-7.999999999994123e-06
-7.555301633922092e-07,9.999999999940612e-08,-1.0,False,-9.999999999940612e-08,-8.099999999993529e-06
-6.702890811117362e-07,0.0,-1.0,False,-0.0,-8.099999999993529e-06
-5.815734981948308e-07,2.999999999999531e-07,-1.0,False,-2.999999999999531e-07,-8.399999999993482e-06
-1.8443807545061598e-07,-9.999999999940612e-08,-1.0,False,9.999999999940612e-08,-8.299999999994076e-06
-1.8826002615069154e-07,9.999999999940612e-08,-1.0,False,-9.999999999940612e-08,-8.399999999993482e-06
-4.142762925506143e-07,1.0000000000114084e-07,-1.0,False,-1.0000000000114084e-07,-8.499999999994623e-06
-2.7089523295384035e-07,0.0,-1.0,False,-0.0,-8.499999999994623e-06
-1.8438016710667542e-07,0.0,-1.0,False,-0.0,-8.499999999994623e-06
-4.314171623570138e-08,0.0,-1.0,False,-0.0,-8.499999999994623e-06
-1.3272592431171486e-07,0.0,-1.0,False,-0.0,-8.499999999994623e-06
-8.165076495615965e-08,9.999999999940612e-08,-1.0,False,-9.999999999940612e-08,-8.599999999994029e-06
-5.958768591481439e-08,0.0,-1.0,False,-0.0,-8.599999999994029e-06
-4.094119916596091e-08,9.999999999940612e-08,-1.0,False,-9.999999999940612e-08,-8.699999999993435e-06
-2.2746397499843626e-07,0.0,-1.0,False,-0.0,-8.699999999993435e-06
-2.642357734006784e-07,2.999999999999531e-07,-1.0,False,-2.999999999999531e-07,-8.999999999993388e-06
-9.624366762917543e-08,0.0,-1.0,False,-0.0,-8.999999999993388e-06
-2.9649072097555848e-08,0.0,-1.0,False,-0.0,-8.999999999993388e-06
2.0088404512972896e-07,0.0,1.0,False,0.0,-8.999999999993388e-06
1.466818352013847e-07,1.0000000000114084e-07,1.0,False,1.0000000000114084e-07,-8.899999999992247e-06
6.43940784618791e-08,0.0,1.0,False,0.0,-8.899999999992247e-06
5.472338502380913e-08,0.0,1.0,False,0.0,-8.899999999992247e-06
1.4702928526502791e-07,-1.0000000000114084e-07,1.0,False,-1.0000000000114084e-07,-8.999999999993388e-06
1.997258782509182e-07,1.0000000000114084e-07,1.0,False,1.0000000000114084e-07,-8.899999999992247e-06
-9.676484272464028e-08,-1.0000000000114084e-07,-1.0,False,1.0000000000114084e-07,-8.799999999991107e-06
-3.3899544542791395e-07,0.0,-1.0,False,-0.0,-8.799999999991107e-06
-4.934369987173308e-07,0.0,-1.0,False,-0.0,-8.799999999991107e-06
-4.80349712986769e-07,0.0,-1.0,False,-0.0,-8.799999999991107e-06
-5.260973046997947e-07,-4.999999999987653e-07,-1.0,False,4.999999999987653e-07,-8.299999999992341e-06
-4.770489373821583e-07,0.0,-1.0,False,-0.0,-8.299999999992341e-06
-4.4896339057099707e-07,-7.00000000001047e-07,-1.0,False,7.00000000001047e-07,-7.599999999991294e-06
-6.276106316275591e-07,-7.999999999987184e-07,-1.0,False,7.999999999987184e-07,-6.799999999992576e-06
-5.635060948853827e-07,0.0,-1.0,False,-0.0,-6.799999999992576e-06
-1.0858393572290424e-06,9.999999999940612e-08,-1.0,False,-9.999999999940612e-08,-6.899999999991982e-06
-1.2320000173349623e-06,0.0,-1.0,False,-0.0,-6.899999999991982e-06
-1.1391729419982785e-06,8.999999999998592e-07,-1.0,False,-8.999999999998592e-07,-7.799999999991841e-06
-8.530478145880766e-07,9.999999999940612e-08,-1.0,False,-9.999999999940612e-08,-7.899999999991247e-06
-5.888699495313387e-07,0.0,-1.0,False,-0.0,-7.899999999991247e-06
